-33.027280423157045,0.16691549336961398,2.3676550101829603,-2.9507547126102134,-2.2017434819286
5.861736169035478,0.31843404781158136,4.230156138250177,0.8920916216435097,1.2551581671885015
-11.145297988844273,-1.2564386959940208,3.3395546434691843,-1.638639294364471,8.657470606976592
-37.11931474687365,0.1987047967964467,3.0270551673377044,-4.482981068563694,9.901909286891543
-16.517976422602807,1.6839414185343502,2.31911081712041,-1.9033513579037946,3.0181351926891886
-28.78431618637039,4.038844041001736,3.2534530467798124,-2.6147728474710545,-2.0097705502604972
-84.76951927564977,0.09854849659831466,3.436915831967087,-7.954716515733859,-2.318530757603838
-3.2123899263366633,-2.2387502289411607,4.012676012134025,0.2328660805668692,-0.3962834229458191
-10.021541215937205,-2.422537970803997,3.1965007933476697,-0.4213368871747887,-2.0424990283192495
26.8055709195608,3.8448620969751657,1.0727221562570508,2.3180162653639043,1.9906604235653667
38.743694247684935,2.303495096994816,2.884111310043977,4.514186839999278,-5.470397188624344
-26.71335503983149,3.9056973404350934,4.346473392742007,-1.7603355649573578,-6.339890322021903
-28.11637027641771,2.4367917437746085,1.3059215893693985,-3.1554965564859483,2.6465572159497395
-30.03169717350481,-0.6386040213503799,2.756813743073536,-1.8564399166613312,-9.247990492716525
35.275628890403155,0.21361449377465658,4.434799240722175,3.95935152614478,0.4921674584455233
20.025099885529123,5.951603908380633,0.9620575940472724,2.3599327765242997,-6.318641130338184
-0.7731345257032727,3.4651921695396415,4.2472298823282415,-0.5333636304381322,7.337646112243722
-6.613714454939638,4.347682251051301,4.107610926209981,0.10806338073848298,-5.650072507570214
47.92879563477938,0.3728802828576442,3.1437187860836313,4.78930477899632,2.3200496548811285
37.11421654582688,-0.37522032583059617,4.56753775933561,3.811615367411542,4.401273330365903
-31.523811656440582,0.7418772415895017,1.8790041374964144,-2.1465501653987364,-9.546584486065807
10.668037275547308,-2.2866655456427623,4.998373725986252,1.2658355177733789,5.3989498467923225
-37.34250596981138,4.482062754872148,2.9773704346714007,-3.76175551965194,0.2502015255857965
-24.250872905945386,-0.22881504263367414,2.340588033101643,-2.848446657380097,5.717589274347075
-38.43062034872172,2.122618721865096,3.191671418096952,-3.098270358397972,-5.962534515400295
-40.363147693842265,0.8596356831980034,4.499000414088582,-3.5209904467932125,-0.5228098860168333
-49.57405857185472,2.0690087052613597,2.4717706410186726,-4.754446695807232,-1.5366834409626187
-30.859268550441552,-2.1431716438577135,2.5709896404506405,-3.609786123893158,7.962675443245008
13.693814287521064,-0.14562767172728286,3.2843313983808136,1.7513805672209832,-1.0504693652276094
1.875899920503123,-0.008471133528380026,4.021731373397019,-0.48262032476230443,10.749919544831826
-94.13364273492267,-2.3398868502473196,2.104936907659032,-9.65562628231507,4.700253359657973
-2.7753933210298727,-0.14813869723565842,2.817224885641603,-0.04258462509509786,-0.29128870739147883
16.60817990546487,-1.8386568097007898,3.15070723291098,3.2488228130399692,-12.478980803205037
22.712840198995128,1.6601233715725714,1.4528059622353084,1.0350251837262041,12.060187966923417
22.04155197525612,-3.1373601475180743,2.909138797499776,2.686344135120735,-1.13743716641258
-29.010493814520316,-0.32739430452666496,3.7598716586243857,-2.372650273652817,-1.5861352033970912
-107.53749320356002,1.2934855345453324,4.1963167567760715,-10.34055215803762,-0.3764458096565921
28.30791447711075,-0.4338113429342072,3.344230374814143,2.590856679320904,5.412222555326201
-53.89439962290015,2.469494261907792,2.7663324744971263,-5.2555496907733845,-0.6605010062558563
-49.162276031044314,1.5425637277959736,3.5704778996132274,-4.2366098082313215,-4.380381704722465
-11.181842888499073,0.12390387424203553,2.8294517793988385,-1.3343497685810095,4.101152203175817
-3.6006207322061305,0.7686257804717496,4.46784958022738,0.3687267526785529,-2.68178118134304
14.194829951114311,-1.7711277708740831,2.4395770959705785,2.1623376713821107,-5.055098775473695
-27.6127688521695,-0.037130699461666916,3.6858257498182803,-2.4110329231860437,-0.08754640607235586
-61.40656423577085,-1.5808334733217744,3.543522046614976,-5.130732382944673,-6.169686545951634
-22.627228428406013,6.224904642966046,1.778262451575709,-2.4467871198967037,-0.48125521425098633
8.571155725425955,2.107674638883462,3.488666320604558,1.3146049666808777,-2.586033086694417
-20.56465900021754,0.6540510227267324,3.4235883907063136,-1.7613779164873036,-0.3476659794631056
-47.33420920824377,3.898165888385305,2.931134538192295,-4.860965269614045,1.474247963949974
27.68660055663081,1.7322360510589476,4.597847444443032,3.0405747572144994,1.6997852395491708
-37.88823753870026,-2.775926111278748,3.0707316682943193,-3.455881981543186,0.41589357703738056
10.570785808936268,-0.8102671261563203,4.035644338567888,1.7762874430244562,-2.7153487513763706
9.228290283048148,4.6163447931159,2.923031064142242,0.6655438745287547,2.400706791687782
-61.543923631077966,-1.7741559279800336,2.4772182777399645,-5.221961696743879,-6.9030761007569215
-6.4484226327637995,1.7703377941674336,3.946115093795905,0.07654697904498953,-4.206105236926446
-19.207968708835725,-0.042948165739887134,2.638757227454684,-1.9712624985476552,2.2668902858718516
15.331060205820044,-1.9584906558174482,2.092815240849241,1.322656179280909,4.178712649002396
-11.945653571049501,5.004626571546594,1.8970471944318952,-1.8007850978529012,4.459581136181697
3.66694045928185,2.9096779575009544,3.6734236861982685,0.23668132781101692,3.2187985970018227
-23.40553044214286,1.3566464023518299,4.097014012859911,-1.5244284849628826,-4.643187838297333
-0.3270687077954295,2.2095412079506076,2.2941782232275734,-0.3239158136561546,3.123132254773719
-9.236832084191292,-1.2036562528955637,4.527954380138778,0.39096813577912304,-7.419092598380256
39.88710484531984,0.5838631413144761,0.761730867213227,4.198208817000097,-2.2418564168220136
-15.135397796309165,0.18419913970682444,3.8805469840828994,-1.2320096368709241,0.8572602264653834
-44.64418333118306,1.0346480286684294,1.7006540405868382,-4.913967448303781,4.7012231789616195
31.624347629834997,0.8989830474669003,2.59997511198397,3.0224929775640312,2.639893976195249
-6.61193622265691,0.10836883527731767,2.691334603952886,-0.6827387472165194,1.972087319478184
-36.24341804305664,-1.2169584630536048,3.6965621998954523,-2.942960366744646,-2.7891921196594054
-35.223997680525684,0.4231291227279882,3.2324503588050453,-3.2202318802864065,-0.6210596084908967
2.9331348195211433,1.7187210513471678,4.029890076064483,0.6349913631662774,-0.21613583152446358
-40.25469360611016,0.21836498514871971,3.785889471186496,-3.664288649210639,-0.13774983456793424
-26.617247836577253,2.514954204601418,4.033763898011586,-1.9254985863590013,-4.551926279062541
-3.273144923981623,1.4887628588818576,2.3152942759233794,-0.9505647387601304,6.828267930209644
-45.889850432111174,0.19020653777988494,3.530455857039777,-3.4369036266326223,-8.49988779504828
-15.022864035115761,0.41874201765701724,0.9198227653718432,-1.4980831472939469,-0.039885091080725875
-58.244609341430476,-1.3122270294346987,2.6154225549473646,-6.157448687932989,5.696099837848624
-23.679504902419524,0.672094589832664,2.8505892233104335,-2.81794008980147,6.195313430692239
-23.797123746051756,0.5911263510449716,2.6632954779985982,-2.657805857757669,4.2586573567843935
-47.28346263613795,1.9445958455318428,1.853716926671225,-5.16642088210123,4.267514873165278
-9.052846316046642,-0.12778075681700996,2.488575063853161,-1.5291382663404103,7.850678187873909
-70.21868314980149,3.6675764374910633,2.3643842546981992,-6.759932033053546,-3.055572812045364
-56.80682050228534,2.410293551770888,3.109953299712683,-5.137329067281283,-4.220724223759506
-36.21230306736143,1.5616215333070822,3.7334126903793408,-3.694692236774478,3.4384011129011895
-67.00622100026287,0.5572373466451395,2.2473005044616334,-7.300201799951013,6.979768215263066
-36.364492703250534,1.0624207460737352,2.4214728787321076,-2.6578814367108743,-8.851005983569866
20.71567429904684,3.153742449172325,3.2773277045925853,2.05949383575918,1.229083937691402
16.02047741283196,2.4919315442950642,2.1982910969774645,0.964541648704115,6.337216090405873
-43.413598859635094,3.346514400678697,2.7567348502558007,-3.7240695252121663,-5.946264049199063
-29.657106114989833,0.7075655807423172,1.957561610269655,-2.4822366820871866,-4.230510219988744
-37.753163782764,1.282389553487096,3.1535550034641378,-3.632525194484923,0.417120675310108
-32.54526246535372,1.916623965583688,1.209003390110225,-4.005642525356448,6.9182731047434185
-14.530400197254583,-1.1170611895573117,3.250257296503075,-1.4227415429022034,2.8965889499139768
-21.0742040179439,-2.5973832573406166,3.233523276153555,-0.9540232896202319,-7.621361298714566
26.503832131443488,2.0989754676553742,2.4963489472847193,2.9250156293509804,-2.2378723792416215
-3.173233511206968,-0.7805691407661557,2.902774056594094,-0.6511475813303955,5.835051178388998
-30.933078307957405,3.2142676747347574,1.7584606234977032,-3.5218823312609446,3.4516571083826437
-16.638759122953473,-2.037224340180836,2.6383554347728317,-1.3104968277365368,-0.7749488254488525
-51.19456987097501,-1.9846651445133165,1.941946005208714,-4.898250660934072,-0.2769421175911125
-44.07770819486946,0.3411111700211584,4.556778130311848,-3.9908639844192644,0.8514327965346853
47.73055801874657,1.3406225984965592,0.3675780338452177,4.639669635491689,0.6973287673227813
-28.17679685807352,-0.2858954386046124,3.43559835711374,-4.032012920327836,15.23711408235781
10.935059382902663,2.915472210111435,2.0636201945941868,1.24809248886603,-1.9389695339291182
37.18793207993784,1.8957858076143044,3.940789886182769,4.066296837262081,-0.5404729647300188
-30.131273422023103,0.5659528907045162,4.103414756637938,-1.8856808594207664,-7.347938106919201
-76.68001306275363,-2.1544981732959974,3.42403698544165,-6.321229121038406,-9.45946544630348
9.415465831832343,0.6743566846573783,2.582567730435424,1.6294513208083656,-5.548811698008409
-25.84336034496939,-1.0890655755930743,3.369123599372095,-1.8363534925498142,-4.097544174713212
-72.45735010402069,-0.2098255714117463,1.241040328782064,-6.331488967346457,-8.652502370434362
-6.494098828252408,0.852206128426335,2.289208208931907,-0.0392313898518446,-5.2177694379868225
12.214084892060692,3.000830122168459,1.9068678660173737,1.0494296494307473,1.1284096012814018
-22.399691979535486,0.8714450310271947,2.712792636699559,-2.4972785207217005,3.977181684600758
-3.2450895915482683,1.8919535985043772,3.5293989554202057,0.49211745437570054,-5.998076687927153
6.820671880653617,2.1944000755532618,4.371541689298963,0.8015203786055167,2.4858622421415277
-19.35773028362815,-0.5470785245550105,1.9137080154549129,-1.9983953225108182,1.8153317958616322
-28.701139671559805,-2.2898143104642728,2.4030416679502014,-3.22825294961629,6.169949294311455
-20.045258982551196,3.972340877455592,3.922368651788319,-2.4408205785894856,6.223020324748797
-4.515057244798227,-2.2582316665732107,5.311618028791251,-0.7059088686972015,10.726468796405458
-23.503197381552287,2.9057351849221913,2.191700723246483,-3.0426953988610883,6.671777029667289
-21.68693713522579,1.424235874022955,3.8342727473029,-1.980084376987801,1.0772005728181753
-29.362010658609886,1.5423524063677996,3.2076988257086088,-2.154933028969564,-6.0115236329850505
-20.849884446845323,0.7361212284754942,2.2671872316129553,-2.008386728258367,0.15095670729780428
-6.205995088118759,2.8251012306864873,4.384971570843684,-0.9799792052975633,6.988240268790462
-28.65780777472751,1.8466963012977229,2.2857991895748406,-2.9522481123776125,1.247544682165004
-80.96424905218657,0.7498143096961776,4.226152796967359,-7.453596325046988,-2.3381010907360307
-22.855439863556256,0.6086416615611747,4.261996580166642,-1.263967939565035,-5.978927586348457
-59.94934181439842,1.2060465699108214,4.4826296946671365,-5.256238688103743,-2.9664859734385054
-24.886029395944014,-0.09817990577295999,0.6924699665476579,-3.067076489134107,5.953704111926169
-27.723039050079564,-2.856474948250523,3.854208132525883,-1.9693211669490105,-2.887859824257033
-60.74158154276683,0.11773390698106945,2.7079350883413698,-5.5569905008442335,-3.397315377147434
-4.472728329921015,0.9477857157421392,4.868827481087351,-0.59762898975889,6.9560389699446645
-24.40287096209856,3.7483110704982527,2.39987074717237,-2.982774615241625,4.990564555851973
-4.9210265322436175,0.21255063439185928,3.5922507114757147,-0.03962183300812505,-1.4050172258338522
7.943350984512852,0.44473996124774073,3.597493284530339,1.0020009849202438,0.9364606377467654
-1.5475200779960243,1.4463218860101033,2.4363939130997756,-0.34689368987160774,2.68225970266241
-68.36585648012158,1.4749001449798016,2.5668317267238354,-7.184357748841689,4.387427214134438
-19.34950749355412,1.3821479732033808,3.220236868281426,-1.15028947412256,-5.945205366970471
39.22792637044389,0.8544947877535521,2.2846489531333143,4.117829733548575,-1.0727131491553519
-35.64137959402097,0.12525839893620527,2.5745364977388974,-2.8235111968672872,-5.811837280268781
-17.044315693967857,-0.47203687816750906,3.5508284056343506,-1.1287005803153183,-2.3691958601659735
-33.02322194956964,2.9592079804162283,3.7753462297819538,-2.885288849980456,-2.0866276512909936
-10.031081705724874,0.7503607637044071,3.782744977728194,-1.795563532721231,11.126663131267199
-7.4762115132504725,-0.14468997608304712,2.6644524547333357,-0.585845111302209,0.22941130869676563
-57.53215130530998,2.9866500618217984,3.6178603255251303,-5.651219494879168,0.7589469463229975
3.2050481458566695,1.3568254114066256,2.02989842088592,-0.7224650798040648,10.781408137972793
30.60208435764985,3.5389767493580053,0.9014265467466842,1.6657854933343978,12.377883504421787
52.403690066178136,-0.5373970171978801,3.6267126471613556,5.883613607446034,-2.875486343413234
31.998566241863106,-0.2888470191647379,4.1477357789350755,4.057529775925019,-4.131379984840177
-5.881080538587752,1.4166927471173438,3.2785245627334683,-0.49114021681965014,1.009156083161747
-74.8496731374666,-1.3289133663134742,4.225766227644941,-6.626895207258989,-3.4519893290438337
21.635413894767773,0.9893486837633018,3.200492993943233,2.8759467904384026,-5.057939500427974
4.543436993778016,-0.15548240374954037,1.9671338435461363,-0.011696207852196494,5.7055441637809
-56.47775529318972,1.0327082170882882,4.63734842024329,-5.467055365662508,3.0526943475744455
-24.011968241623364,0.5741401546687848,3.706979887580655,-1.911398165802678,-1.7496316891991068
-19.556514229773505,0.4688955497923831,3.162474626562767,-2.262505214936616,5.334401585609793
-5.244754680060708,3.938139767192752,1.9050674246493196,-0.5737276080485196,-0.5692280100568896
-0.4595503847475251,2.7370872952188128,3.682862144844762,-0.08411965889686979,2.4039709510944065
-35.2948521706551,-0.6836851842059875,3.6942153210598008,-3.4910156118910693,3.368953249946825
-65.02782966953974,1.9804107049302528,4.18042958887856,-5.5783913943832815,-5.86512319127921
-31.543806837380814,2.398929938275507,4.11427493539299,-2.217657797171998,-6.33487927379784
-79.31007568712509,1.391686828120256,3.595642327129956,-7.128902638283537,-5.484731782187716
-15.12987843156564,1.8853144527294874,2.8003036201209657,-1.384277147244131,-0.26933909427342695
35.89508884155524,0.35959180684573133,4.368301680832932,4.645143428222573,-5.965626450401401
12.771058836720902,2.9767340915126397,5.388685971016458,1.7023962740608143,1.518213173913837
5.6135482071240865,2.398615404908737,3.3235088102963286,0.21323570471184317,5.043311160580616
-21.41675373223235,2.3723671690615378,4.175018403880733,-1.1301431078331625,-6.943811570245792
7.291074908412143,3.4966442755970544,3.6619100689435227,0.8515164797659773,0.3799843112113313
-86.17437149536353,-2.672660909140109,3.222850294449575,-7.9125477819115275,-3.1158722165697728
17.290776123841187,-0.7880651732293951,4.484710515980767,2.164363804191783,1.06932777157517
-65.6449880738628,3.414547841001706,2.9153624006300376,-6.519982178274703,-0.027605729864786037
14.82807447548799,3.005760509371319,1.1810715681031674,1.8481776947918789,-4.80785021487104
-40.71604000148701,1.4128759338777592,3.464589731718294,-3.6457408934521887,-1.9642235316220407
-20.10492553857973,1.304498592376555,1.7341979094418953,-2.3426025518859745,3.4207112813698966
-4.434238923742702,-0.18348799993707976,2.241316485278779,0.07021461141557594,-3.7887661411343165
-36.74937208715599,-1.138637841646223,4.1089465369527565,-3.5777050714516108,3.8178579590672417
-50.99780860979069,0.4412510856497486,2.932524660109989,-4.978698049422087,0.7184715621436153
-15.141457057253177,2.6306745942745877,1.2651063547017372,-1.135239244837995,-4.704278383833839
-2.044386687265106,-0.3630977844084622,0.7719432651248392,0.34286724503497146,-5.14253614426769
-32.571953073954866,2.73137643838683,3.3558218872517007,-3.471264893195144,3.5903927735425523
1.0014139776021507,1.5140176934632796,2.867782022742861,0.5273056566395731,-2.972608003033436
54.15082440057819,1.2407020725234734,2.607340219856627,6.097904924870612,-5.749020128869166
-9.064779819208702,0.11735419289001037,3.3862177387977392,-1.070680099462213,4.449961722605539
11.335699840441581,3.0940858968886342,3.482382357050107,1.4042715906875864,-1.2223122947051346
-0.20614176502851578,1.8469214769488982,3.1604353450477145,-0.5727126377658205,7.094611766711957
-3.5738684475410705,3.782142851370317,2.4164857819169083,-0.668081816461843,2.6757291749438434
-5.9679248275536,-0.7961931906731325,3.8714260306151558,0.018449350216265703,-2.0073368567485357
16.838313359787726,3.9283550980901065,3.0903407641322334,1.3086718305312717,4.174969015044304
-33.17522974970901,0.7011161424727321,1.9899925664131646,-3.731717654834379,4.781406330993325
-36.99738325038053,-0.981430240437811,3.8334247331267424,-2.922164685731952,-3.6112349767051444
-41.23837718297448,0.3612552172951433,1.7803446597328771,-3.0436420108880173,-10.190177905882035
-10.821050459530905,-0.5840596291115665,3.470614049737513,-0.526762252825125,-2.250107646165016
6.766499595608192,-1.0220951111742878,1.670167816086082,0.8136566631524271,-0.16165434685649815
4.5119238586097925,2.7118424734942463,2.373437261338753,1.1345250680470258,-6.780946950229788
27.17626011658185,1.0134831815588898,2.143244621788329,2.1640874632495244,6.177018270513312
-18.705239040933463,1.1458011109143798,2.7070799169208284,-1.235123686274079,-5.094832314500843
-54.46617529502351,-2.0915703143073676,2.95944027036102,-5.212069937873087,0.8898809193196726
28.78536223838714,-0.38188897554857215,1.8020054368517984,3.0020342152376918,-0.2322295276046329
-31.90217532944874,-2.7262748794511746,6.140651527317043,-2.700611782564012,5.893980230902253
-52.584524878984865,-0.7551860765853673,4.307400485098086,-3.816536623908921,-9.403140866847163
15.852850534341748,-2.2255684521093904,3.5450698999109873,1.4439748977181068,5.667765932029098
-88.08482701969223,-1.0219548866270913,4.034951133744132,-8.117227205132679,-2.331369862126134
-86.32538564239763,-1.8146415516161878,2.4782758918218946,-7.54378759461624,-8.444726071430747
-46.82244998676385,1.5861924523912774,4.874837487265492,-4.301093433892753,1.3363982577802718
9.508232421191673,-0.6748314716178425,2.8276554279558157,1.7703792223326644,-5.859235261514053
6.557467028804615,-0.6691052968552178,4.566902255700306,1.4926571805620732,-2.8204030751083717
-29.756549330001896,0.2710896134499331,2.58946015343804,-3.08795672844245,2.6637991192584787
-55.29296829478504,-0.7596841862839463,2.140674319973123,-6.506867298106284,11.301168415467867
-44.382997225291156,1.105524152105455,2.925164990111343,-4.183082891073224,-0.9657828357683715
-52.00156741915325,-1.1487199897093023,4.065565407263177,-4.408542343186969,-3.2095784722451555
17.91827236926263,0.2623070807353969,3.5371504027582046,2.320776355222131,-2.292786480393246
-20.626683242323928,1.272836718327062,4.3122315597026,-0.878208534440954,-7.832181000954138
-53.433444307657474,-0.7206204067560356,4.946555379200822,-5.453755138829832,7.58151981389401
36.03464514242269,1.4183591307607906,3.842231968619607,4.374092404884415,-4.724771846631228
-2.1963087131911117,2.094144315086081,3.4776437849947577,-0.9090604604733628,8.870725307827641
-5.262158628433625,1.164611223766137,2.5692513944725017,-0.5890795261165707,1.6965942028487369
18.1202421040543,0.6610822351651391,2.3507883689151687,1.5900787513698225,3.270464961630214
-42.74375837234482,2.705620701782909,3.688986808406077,-3.860888624994312,-2.0855265551446496
10.158087431161391,1.7144103580910837,2.160245831901962,0.4115038113903058,6.352509651775242
-34.77021962056578,2.8384351214595487,3.3679130604041934,-2.2429825481211094,-10.923902104474179
29.453483575290818,3.541693856556965,3.3629519862775505,2.9296031168018155,1.2139669944962157
-37.41674411067622,-0.26461865772095616,3.4205572560370507,-4.058838152770633,6.228999731347525
-70.39187896447663,1.5057489162193445,1.6934230349699473,-7.561752147835303,5.189688449608446
-18.359353133974746,0.7875562447265224,3.621825058471314,-1.6992073029860144,1.51834596206482
-62.929010398464854,0.2285764159770758,4.460633091677831,-5.79834005164211,-0.08558619538945855
-8.144311445537026,-2.158083206393028,2.4190253966323048,-1.0992363187413416,5.390014312460925
-67.28873949691557,1.9869929047163177,2.1151918016371836,-7.324916094653232,6.08543408668687
-48.19574326778224,-0.15795952561502902,2.5250651723979307,-4.581823714664457,-0.7045378271159013
-22.027097152024133,0.6093005118770243,2.4972832013346977,-2.635994470193966,5.587303140894136
21.207384666878493,0.9848172859834224,2.754174316550273,1.3532962815238494,9.078382250134577
-22.195901386998006,2.506400111459352,2.52242519371552,-1.460670357001484,-7.251740658240147
-23.85796535214145,0.3392713200075741,2.287633386887705,-1.7773113997002061,-4.946170386942348
-46.429662994679134,0.8659468456434916,4.133547032014636,-3.9297842178601416,-3.2932414724302106
-50.45984032708319,0.07526053244897069,4.778861898689406,-4.039675532761127,-4.391335004010079
-40.01304897708056,-2.326549527353386,1.97966649812134,-3.506704036947003,-2.802963982987837
-11.745375805782995,0.4668112468767046,2.8699889393575218,-0.19456338121448624,-7.973938489067857
-46.691348416339885,2.366303988400895,3.5226696835326954,-4.357233751331179,-1.1998624724084543
-38.10466138527958,0.9303490503707205,3.1946283648910936,-3.4093049011105183,-1.9253743019180767
-14.871069689944115,1.488620347233856,3.4157158181737253,-1.07011785613095,-1.9974226646209934
-18.83863222010545,2.0953780163133784,2.7340059376589387,-1.865563452829219,0.6380104168186342
6.428813019508626,-1.093635535054359,2.8188224233094803,-0.14838040937277963,10.445874844301684
-50.34084964031038,0.8771701560420457,2.5236422111410803,-5.586517718828917,6.677934972421021
-64.91920430340365,-1.5583447546142377,4.81807931619268,-5.839155777436651,0.05499792255091236
-43.61291091406372,1.80580822422055,4.785586040016197,-3.393885577555142,-4.851500814023096
29.05529207248586,3.086516315640539,3.5622491539207966,3.203997056389846,-1.35553189058051
27.199258414996255,0.021545633321975677,3.532301987159838,3.4137856461297567,-3.8300815308389646
-88.42046194517182,-1.3906078917284534,3.315099058947056,-9.38363363181556,8.858648761505904
-32.371590632274774,-2.337206013629938,1.6501922900172379,-3.416386427913325,3.641660302181531
-21.364358457766784,0.3715368316795301,2.4828649447755127,-2.308724442832336,3.0782721382155867
-38.37968738635931,2.2538325481767556,1.7259232429170552,-3.4665677782931987,-4.096223117405369
-50.56499903486896,-2.200862864125521,2.3676885581958356,-5.160359386246048,3.540513536807156
-66.87182055629908,1.8454869080992906,3.8979368077928678,-6.74439698177438,3.447883646781697
-6.602739186739695,4.6011136336676675,3.527241309056009,-0.2595121651179957,-3.197816539315786
16.648814709322195,-0.46415603058610655,3.118606971661545,2.12091932893805,-1.8968732038412537
-30.807799320186394,2.8765895106125066,3.5900562177353073,-2.718911427199907,-1.8348538918685942
-20.75111422654797,0.6236232988487769,3.6884677962960466,-2.6648401024037573,8.986673819143467
-20.96845613327646,2.4485899671941533,2.4212082099359233,-1.979867114517572,-0.9285176727325445
-30.326822286220796,-2.6676947343163926,3.0136149565084294,-2.3754061644607924,-2.9684444979318503
-50.38425710800799,1.8186958957773829,3.886961538628654,-5.062944054372568,3.1129529885236047
-24.536382345840053,-0.03541068478578735,3.789885525018283,-2.2024068093064195,1.096199162802811
12.861638331903759,-1.2830071367731075,2.998228237506811,1.8559562281443842,-2.8090772401077304
-30.306063609479732,0.6118834557729256,2.0275406209185545,-2.8761762911014634,-0.8225121839828581
-80.92746232151336,0.09133626182628529,4.463465539261692,-6.676347876216042,-9.22902053522192
-50.904911481051265,-2.268193896785228,2.5533609826179524,-4.995479881182397,1.8138973560542464
-4.491695395347137,2.03987861698148,2.7908798402813226,0.16491925272646046,-5.213574660380306
-16.994342629833362,0.6391206451088342,3.2733350582556953,-1.9007553162318165,4.372330810831841
-59.05232350553793,-3.207467018555862,1.8921439189737936,-6.194658512466409,5.393047280931481
-80.07764285207845,-0.4539779559172257,3.7123845938711306,-8.08476791593792,4.442475128462292
24.10457886776871,-0.8085550159613961,2.068996158647544,2.89175649810669,-3.3385223291929216
-55.46294530433976,4.197808343653021,5.260187247243497,-5.88104397770709,8.16598276992041
-56.49861303058382,0.5087307045808311,3.465450226232136,-5.361354306400212,-0.13709900124901972
-50.30612414599986,0.021610363876243266,3.2247220855540535,-4.5494399868788795,-2.2228213268841692
-41.43072073084215,-0.2154154998597264,4.563955635093031,-3.3799688532313885,-2.315901688824044
-57.42165180392403,0.10896674658827399,3.243983590689073,-5.657815803841036,1.7328802453571834
-52.49653981952004,1.325101882717278,2.6747697011704066,-4.624354248168058,-5.126950040623295
11.203763280705287,-0.8091667847375918,2.2971807221980054,1.2054700952618038,0.872905538065582
-4.245966047593233,0.15143427408389043,2.069459983964843,0.325424578281754,-6.5052628111447754
-9.67145827002807,-0.03176523814929855,1.722569960432644,-1.7081500854312623,8.167737020505433
0.7131604989262055,3.3426992808811176,3.320053266724427,-0.3928095397665521,5.725594679623052
-0.5045623712302236,2.7535208415416843,3.6501545198869376,0.1815993688745241,-0.36640947598354706
-29.01780630125262,2.3086384885199234,2.619274959026547,-2.6128891931295115,-2.328083286471587
-10.209202243632646,0.801072301696638,2.77271286775806,-0.9930888406567306,1.2431341738441235
-12.956032064073947,2.681655453004034,3.940372265534859,-1.4290030122093937,3.874803729267056
-35.242083373323474,-2.771802982360686,1.8492213348270201,-4.1199493179342905,8.198216183494635
-59.06768911824362,-2.425065709287162,3.102593174872716,-4.940569739791507,-6.0429377634932795
-14.956555935013974,2.8536374526494503,4.311503202325696,-1.4801339935576814,3.0652302401542957
-29.83965398649528,-4.199126688622765,2.0298261089756653,-3.074578943412399,4.03574730010992
-19.821167631106842,2.716233515002596,2.697319175508114,-1.5791875769532855,-3.5685259354343453
-32.598146807491595,3.16827486674227,3.8660451310619437,-2.9360943648816944,-1.0847643531938451
-2.431633957434289,1.1448079382542833,3.5970772223850758,0.021527380140445196,0.015429407984500652
-13.395262262251922,3.6269883788491386,2.6707321514033713,-1.1438494789398739,-1.9870591061428327
10.437770075208647,0.03240424366572381,3.6035813322428125,1.0958741863952683,2.7092756939453233
-38.75396008807008,0.1368453078613061,3.2707453998254423,-4.063011057136893,4.482171696988018
-17.58642994278812,0.032579754321771404,2.1963928209859116,-1.9495388977938328,3.0987045140089355
-15.020072659263459,2.110632973498359,4.544018941313869,-1.5900086400407398,4.9867242891495644
-41.40126201113777,1.7085708440402718,0.9716243549449408,-4.316950113071007,1.1499671693327111
-14.739395120438065,2.7091595143456573,4.8549985690278,-1.152060529272704,1.3193831914316434
-34.23391179930304,2.041852673846326,2.28878270999453,-4.12599257715666,7.314719208732873
2.4311159861768408,2.7312229104191363,2.7484170991801022,-0.7375582366330582,10.329536035064246
-95.69829591091222,0.44700403182440707,2.1877219080384465,-10.2888025589448,8.162759449351423
-43.87929939919449,2.4407783233444924,1.3230817567815074,-4.676187039939105,2.0998181723063256
17.855796657447975,-0.4628408878016519,1.3112609442114576,1.9945858972694004,-1.4287905553916211
-66.29510534429335,-1.3871354902476911,3.5441473969003363,-5.813780843645637,-4.323483969974273
-31.644436895870722,1.5876981274887094,3.1774821260801156,-2.6768202124071485,-3.145985670153938
-32.80444208830464,3.5255575463301563,1.2073807400741352,-3.3205499557484845,-0.9972792411093827
0.03916021489958599,1.096322394636599,2.3169847472072322,-0.16567405528331514,2.4898441501121784
-24.413535267507342,2.0338178690659485,3.117977291736226,-1.754330817198106,-5.456690432113565
-31.104283597665262,-1.5760470594407585,4.242524703975009,-3.022550634033215,4.409000238346832
-37.403919858872285,1.6074846794025497,2.8466421789250806,-4.329243793406579,7.110618659201058
-1.0149132913213978,-1.8953457618495881,4.21718268512722,0.5766133151595194,-1.38721611205759
-33.931543335808094,4.785377508703334,3.3059102307352597,-3.130841628545275,-2.2835551912869945
-15.292264199020403,2.2715685743738483,3.972120942188373,-1.5816327602293072,3.332715310928607
-49.59442953734206,-2.5032290053486648,2.048470380530521,-3.971203203112351,-7.581725278566505
-9.634654398697563,-0.9074647493716188,3.681621830075121,-1.4993273729882146,9.200936530791815
-70.85764703286759,2.81025843671814,3.4427014781972867,-8.363779160880583,14.338063724574614
-61.48860134526545,-0.7581803433934629,3.1952668663220796,-6.4229349313128985,5.672270726314178
-2.1167429895480616,4.761584158591706,1.9163668650524301,-0.0839345399358975,-2.74007417911722
-22.176166698479424,1.1146207222665356,2.482987218633662,-1.8397550956177695,-2.794619721460464
-44.71416766908211,1.5940686056263131,3.8462646366679154,-3.4355995570705944,-7.456768487368776
-32.496550018404776,1.3564354416261408,4.393667179463926,-3.57670817731596,7.418391854916383
-37.48807657885545,1.4838982411815493,2.4035706183848133,-4.070173716308043,3.915999393024889
-54.51163979362779,0.032497587566084674,2.618001662775189,-5.318094263013733,0.3665372192999089
-3.515516777011535,-2.0094250399316684,3.5429525043866072,-0.45660344021507404,5.193358257189874
-20.629308491774925,-2.023069576292878,3.690841967531755,-1.4147410662369273,-2.064784433935795
-11.797885046494338,0.8140489921105105,4.058803114797736,-0.4802772050994881,-3.2836668103817623
-49.121118309203574,1.2989587403227212,2.3605262759896766,-3.932547883213549,-9.052097772320025
-96.38765309205532,0.15641318381131164,2.5513358949040246,-8.88583904652717,-5.980140506532852
-32.875865471925046,0.5809080713105917,2.9462701071878454,-2.3134919241956315,-7.861273379496856
-4.92057208755183,0.44680993451355,3.6715388071225754,-0.8620417198245607,6.846489446488767
-50.52203351123273,0.020612606476756334,2.0142582886795184,-4.653912402411135,-2.9789066769812225
-13.652846173236666,2.2858741183104145,3.6852587137137034,-1.3364419759417414,1.9639194737762355
30.192686011825003,2.0603455451688975,2.2032553643258415,3.0087915878689815,0.28818091065839124
-30.921435152594892,-0.7774465247136861,2.7137430532419047,-3.5509334618094033,6.817723067610654
-0.31572674196349926,-1.03961304724732,2.0766334436125202,-0.35913092566126337,4.873490653055293
-48.185245900671866,-1.7794927554160007,4.402655556640564,-4.080547273163095,-1.6441828037284034
22.261091293717655,1.9322795387689318,2.3406363177787806,2.1687596474891153,0.9769996424682904
-30.675748198292958,1.585689689785603,3.129860163534045,-2.123643208597361,-7.783154796392807
-22.01146770024977,-2.2421640865745447,2.3080375520493317,-1.8565655100186955,-0.9929712213580764
-100.52986688906148,-1.0839442639048822,3.298425276602562,-8.94921603220914,-7.775832108684969
-29.66979195551981,1.5406575140416852,2.580131287558814,-2.7163786960731233,-1.6120643865494424
-51.46697485210079,0.8160967232473241,3.1497123850275046,-2.8312506435039575,-21.08234475158597
11.78270985110792,1.1252424397856173,2.766765265975527,1.3612998926717053,-0.4791627862497838
6.763659180514304,1.6891618803330948,2.524500034954564,1.27578594588817,-5.245506111912547
-26.415898639402073,0.9720317755696292,3.3925556493589215,-1.970729451031614,-4.317261558371466
10.960610195050291,2.602565548986452,0.5993926474808013,0.8939414852052328,0.8097304549682498
-16.796180119276094,-0.6627795645703893,3.5017341939135815,-0.006763810832740136,-13.331616637457596
-44.37993581133093,-2.498147957808199,3.5852489657041886,-3.7551004647877377,-2.3663546480287194
-33.527068791823304,0.6691521922088157,1.6324626839130432,-3.496671052658418,1.771299242248612
-37.29277497424241,2.8789513162309435,3.369332332855528,-3.9821234403826846,3.927083863775389
-63.308930034531244,-0.5160070467271634,4.04484943466627,-5.269803832674255,-6.26268644714509
-11.706774846563507,1.5052843880315439,3.1491833735609958,-1.1251003393914876,1.2709253334138502
-2.4544768069982172,0.87984616370006,3.091040448864681,-0.2850939385707587,2.3451722609887318
0.5396964982003318,0.8046177533785042,3.524150420284739,-0.27595781911847883,6.001874858894144
-17.65799253407035,3.2684965753631885,1.458277932690287,-1.9093489964373207,0.3328927748641264
-2.1007473709245508,-2.474406896074879,2.00266397643216,-0.5376521445341358,5.515643273079014
-65.94050543291257,1.5220735646658814,2.63190674797438,-5.95200031911578,-5.44980574157945
-38.83658861632955,-2.727590300563742,3.1489742959522014,-3.068571580216365,-4.308067884742114
9.319283472035394,-1.7930148068561178,1.73176037141827,0.6367842096340866,4.597697275126274
-63.528375828740685,-0.48545866650217384,4.392261939201489,-5.793217699001712,-0.5304782698329731
-17.445515550966892,0.6094602278825866,1.9345461436446836,-1.973522740002238,2.9205989305868223
-21.971908271094318,2.668484178592716,3.3949895636640757,-2.95335671387942,9.108905312750519
-25.069079581275638,3.069603271120462,3.938801945581046,-1.447983992935808,-8.245501095849528
-16.86659720626571,-2.820112194659886,3.5902421697784614,-1.1774507796449174,-0.4595736030727031
-32.282507009577806,-1.4932700191932793,1.368229214642009,-3.19786270826611,0.9107678786299077
-68.96285123741217,1.031725217417852,2.2387057837521045,-6.502340967654926,-3.2023532730205457
-45.8588650418148,2.500947339674724,3.0481440210136648,-5.316505784154281,8.378514623100983
-41.777380496902694,-0.4357301023574853,3.773869473185843,-3.8390726297495266,0.3917335519323126
-47.202665621694706,0.8552359508091683,0.1947401455238733,-4.445440105920201,-3.1664016068276157
-33.44970161851582,-0.8785799350076473,2.000605888859695,-3.800747133611431,5.997665665737344
-37.9920354206945,0.5016585153430729,2.8930336672902337,-3.558343008461331,-0.5670236437340316
-36.236996528351625,0.5512238048206932,2.78055776650357,-3.254564269330273,-2.034090364243408
-27.334255201936557,0.9369382785261258,2.761544341278935,-1.7416191722273535,-8.480000831713655
-32.90364566365042,-0.37815822738692817,6.008328607432672,-1.5746717108063735,-7.9428462781697675
8.791262803134517,2.0428649333715514,4.139949262196951,2.060446828461231,-8.549842974772298
4.777465620707122,3.428184115084318,1.9064700289771375,0.5671543793021541,-1.699513237009556
-41.64452123336622,-3.856331363682428,3.8351671211964624,-4.279227978157911,6.7530509419306926
-48.85924790733311,-1.4168979321019322,3.404595200438016,-3.7979979807592668,-7.2730020139780835
-52.226229499106786,0.8898789878455245,4.9446749597366,-4.208352191383918,-4.47519446482883
-23.361759502978774,-1.358692121728827,3.9531142657158123,-1.8619888070117963,-0.15574727254493215
4.701245006587171,-0.16948486314189282,2.9709999973640735,0.7454200709078251,-0.46150302483580263
7.978963081997868,3.790435907450453,2.7951718922325033,0.4749898325768691,3.287093279285609
5.526594656942507,0.7238624526875399,1.6225524680256074,0.47135213421190825,1.1093112163536516
27.055656641190744,-0.5543877219864479,4.095623415058647,2.5256765930846994,6.269617360831134
-12.36281314548407,0.3336275944019603,0.578373760087596,-1.5390373669424102,2.944375778328517
-29.354438938516456,0.5415313420947043,3.992455177920892,-2.325093462703099,-2.389345395605985
-42.59692437967265,1.9860682901535702,2.802238446510686,-4.076258709804528,-0.8642363489285037
57.1323812646549,-0.8688895105008727,4.558822315878439,6.010587888315991,2.656662363683244
-46.041076061896334,-1.267268291381345,3.841493537754256,-3.9617037975507516,-2.1011357905462127
9.04713851607049,4.431654036243344,2.4255794178373256,0.4803478879601375,3.498691496406458
-0.9673284761238974,3.487901776363228,3.791957409132347,-0.18202659482727346,2.703721832135649
-72.81929063959461,1.2629785834534366,3.2033826400992393,-6.142374517784626,-9.461619668752778
7.720420703695929,2.0867585000675026,2.6889221275088433,0.7731525764687435,0.7530912409264139
-62.78641535277927,-0.2113748598304923,1.99079754775627,-5.597342032140926,-5.716488882416674
-70.09209123853135,-1.590612541118385,2.723169095618678,-6.86500066520079,1.2071341648688991
-3.6299752059497394,3.7922063454124,2.719161191727751,0.07864144053970357,-4.464033387403404
-21.599835273179277,2.642652071892922,2.8828502282975963,-1.7579343821496507,-3.264111127930356
-31.425088481540314,0.4423267817053971,3.043540151545572,-3.035923220398044,1.0287644951049355
15.298276377354524,3.4811543159549205,2.346441944280527,1.4664398390203122,0.26974827864368683
-68.67237267334326,1.7262578104926782,1.9305663622729254,-6.651445337038556,-2.0892765884191227
-28.797790933589436,0.23933367834462205,2.8911033644551307,-3.294736857066681,6.119530463896008
-53.90170908397646,-1.964127161909389,2.4108503259614533,-5.025534461200625,-1.2112510674684118
-4.688327905825833,-1.933389223640452,1.0403431513126042,-1.0269631223738764,6.818576397853917
-39.289821760569396,-1.484028435300091,3.2588564336985866,-3.38833243077668,-2.0094469212878843
-5.336405234515259,3.453969541256342,3.202509623555331,-0.38374961835540256,-0.6618768493482773
-37.53904309360344,1.7652312250747575,3.65066713311078,-2.8947500474515473,-6.14231560243152
-38.03480621997873,2.5882030044045115,3.500854724861286,-3.2449977458520096,-3.814934312514984
-6.523970340237976,4.462188249499382,2.239734123083014,0.23206110659379142,-9.821573295399972
-60.873094680996175,1.4444905469464893,2.5051246650227474,-6.722270471624849,7.19627715860541
1.1140759093646433,-2.40386958737885,3.1611422461761216,0.7426502408865785,-2.612286630671863
-24.15304968779451,-1.7385039322541824,2.5862791094930153,-2.0936738109990394,-0.6748497036270302
25.534765206052267,-0.49094116464378557,3.706422388724084,2.6815682977812747,2.3989445414701955
-46.54950073602149,2.8831143613395227,2.9614948377651316,-4.045524213460201,-5.343202863561864
31.082996229538047,4.339026415357442,4.115744876336786,3.109494986587654,2.053372127755909
-48.361551260754275,4.100855176040726,2.569400799466446,-4.571183518202576,-3.0496885496741704
-23.304726262961466,0.4543057647622444,1.6671134209175094,-2.491763993772366,2.080577581931893
-22.732573716046982,4.61535770777181,4.829664622376611,-2.7301332126973765,8.092494648199931
2.7492949784973897,2.2205326467442106,2.8446317377253556,1.0474967840192684,-6.8129567542488045
26.541296799182355,1.5920202250788642,1.9114176232940128,4.079826156102248,-14.139595541719828
49.134298436671635,-1.2136353393288681,1.942712769811753,4.309632470205672,7.588324630776762
-71.37433935280526,2.209106801753653,3.0455693094779877,-7.380026360093559,3.6402439519620695
-30.98235285884565,-1.9880175054681333,3.686009635805844,-2.723496398674289,0.6432866394446903
-5.547382706898483,-0.11683610987158155,1.838576977561747,-0.7925887432563514,3.282014106205845
26.396704721875842,2.8852546979746014,3.282790423693912,2.8398312009925517,-0.750056395562865
-21.803922163351924,1.0593312055498645,3.830503769401234,-2.5328872444667816,6.663474460390226
-26.777630522677953,-2.1338192938960403,1.1808152727881498,-1.7817878671565024,-7.54426102705247
-17.914896579843855,3.934667603898685,3.0012922176966375,-0.9633158165403151,-7.997133472388448
-35.360401549164976,-5.439136400834065,3.0448053043160863,-3.3398379432890755,3.0752559194406577
-5.305918958313427,0.7015255472336049,2.5579016465628253,-0.3234709723218283,-0.7862568003397424
12.667988790331634,3.0897140317078002,2.3500539809675325,1.3261733102172442,-0.7579128993293703
-53.63561335981734,0.2614109145294351,0.9231280731676059,-4.717244443713536,-6.380833020079169
-31.54355003935393,0.5174822037143674,1.0095441642901777,-3.012911845906887,-1.4183778272291558
6.193486409171383,0.4958158493682283,2.9433498930573414,1.382195803257562,-5.710552399848186
5.359722020106657,-0.35987136246139007,3.932760330630081,0.9985759996854369,-0.5794513409726109
-34.08218013821855,2.9447402760969585,3.2400339262898683,-3.5630777149676427,2.7006818342867343
-1.8684232871271247,0.1507177122046619,2.872192814911534,-0.6431856079194418,6.550446827472322
-31.578040405862218,3.34491024112436,3.9591522579680656,-3.934560541878702,10.013831542806031
1.4669476769176093,-1.0132074260687003,3.8588816240871355,0.14930721101185096,4.203221127012792
-41.39471956383282,1.3639121640543599,2.6163295775367237,-4.116015438854296,0.7947738572563299
-65.51258356950794,-1.0079949000624313,2.4896063157287944,-7.107602621283075,7.616974995183208
-34.51900718343212,0.2772805078666387,3.255395234035298,-3.081224705535944,-1.1960008495610697
-5.438942656147263,2.5977243066323927,1.686690391040302,0.09354117972340248,-6.961985487890562
24.6951829880049,4.631485077726934,3.4593571697887016,2.190379821019195,3.4674302459916047
-8.738156465151679,-0.03762721027950877,4.5012342144693385,-0.5044920408657931,1.390854912023357
-65.18619184748938,1.796420626306117,1.5984076836490786,-6.175738932385023,-3.68828605600511
-41.347690785711535,2.1021261337069155,3.33675003678388,-4.205455077857623,2.439272128005543
-24.233495784447424,1.0173130109259794,3.586843764249744,-2.3646427998476693,2.1206377558505976
-48.669630794539266,1.9721483489997302,4.1837699682184635,-4.0573621012790255,-4.70610116950719
-11.02642655870884,2.538692230662504,2.5742083428733715,-0.9471178057602545,-1.16795746830783
-46.51751004046093,0.40760857449404164,4.002561087062891,-3.959154788187989,-3.124642631910537
-52.29795560409839,0.18616972419339028,3.129938459891832,-4.355472314483054,-6.38718863068704
15.312998746832545,1.8759192309310113,1.6612443388077633,1.2194296710707766,2.870675608964483
-10.516437799867195,-0.8793080787969443,2.5824341868083756,-0.8011485434611714,-0.39805674355784826
-73.40058391959495,3.2331146370271235,3.5789070305009045,-6.679240681962083,-5.022590535245475
-19.61223227921152,1.1800489301556616,4.050396472048801,-1.9588341374606224,3.4875125255132158
-26.783892455060812,1.7472758713857925,3.6558695911786017,-2.552947943715319,1.2132946633255812
-15.834754334280868,0.9906056762551128,2.439138115553257,-2.1543649104224616,6.700940618502367
-43.36801947135605,0.6341501100162896,1.934120961819336,-4.426239501255182,1.5125064599248645
27.85152191813578,1.5176593703927388,4.656558879872626,3.418004177012822,-1.6664643867586593
18.833536083398307,-2.479545913233151,0.21971663927440144,2.4412701628823656,-4.327323738415264
40.15092049367483,3.6933298016140235,1.0062963603242823,3.3403507545123077,5.15390613894522
-33.08903567792008,-2.0172195874534453,2.8251058268944793,-3.396943937283193,3.884319221926856
-19.584128556019934,1.9628958369880456,4.19091369119576,-2.1538027022599664,5.363389939848727
-35.83117082242983,2.354683297866811,2.2984836074213417,-4.222828968952141,6.5405339415543375
-6.590221606872571,3.377797210314741,3.5386683589608126,-0.4376054918533514,-0.7725218548188245
19.334882985376137,1.7625223779821018,2.7485860098149733,2.623111091843109,-5.888807858708355
-59.87584145208362,1.3119676909112719,2.232011811625546,-5.736515829659549,-1.921197819134779
-66.04528172146857,-2.8946474108687585,1.7405141216014122,-6.280050403331026,-1.0401066308504396
-62.123788915002976,1.1529844963294014,3.8082676634771992,-6.028672584261139,1.2121703286152343
-52.20740375704073,1.1003786258592512,3.7519945401097816,-5.378447246187189,4.546245149154944
-24.94676729664364,-2.328617248489786,4.57513883825964,-1.8381070940843156,-0.1684138842176468
40.74711683768759,4.163836935364857,2.167460075557107,4.021382722916016,-0.37415806437149474
-35.71582800035783,1.4100544932523023,2.59314145661478,-3.2309722422586358,-2.4300371708940647
-50.255070356619186,-0.8254756767031581,2.2638278292388994,-5.312995835217327,4.568854944014796
-40.46117367664729,0.2068773136855767,5.763528837001387,-2.6555486659491057,-5.704559510262383
-9.898467064335602,1.1788141100983602,3.016168338398704,-1.0418500217684912,2.204943959689831
31.018012749555258,-0.03760118243339172,2.9298445673617075,3.023635552818023,2.9464551098164504
-23.371019231160844,0.23587015282260781,2.3990459155002357,-2.4939586752016245,2.8894877706136906
-33.53017463868133,-3.0780120040334573,3.7567897800510943,-3.394480416029281,5.482002886502304
-15.226870817551157,4.330350468420281,2.9964470979143023,-1.4711143691710684,-0.4362285574008531
18.81317645754741,0.17270362705522613,2.7689004231272114,2.4391293443378146,-3.7477664110598368
7.749299604914594,-0.09641556638329463,4.094128049448539,1.3016068211679181,-1.0280897022526148
26.230248070824114,2.8008134239690436,1.9308682487765754,2.0913563400079624,4.848341007293346
-55.39832645509105,3.1525909053059267,3.620815444190465,-5.426401327735024,0.5669674898282822
-69.42034288873936,2.641320736730851,3.9936521572110513,-6.185301230152456,-4.90067656738109
30.0616651965479,1.4408423348479813,3.2561140865462432,3.08574350658332,1.1343786994419272
0.11937993213744491,0.7822932368858775,5.727373557817039,0.43826611180623365,3.546274163327621
47.36303731826935,-0.48860652097094714,2.057476726121508,5.1696057714658625,-3.030414516270878
-3.8575974723837367,1.6289278725917642,1.4455011592704223,0.41754601772523037,-8.325153185568889
-17.979662441298053,2.067061740998292,4.216630370722351,-2.13786101561714,6.810409765198731
35.546429554855074,2.1885331042492764,4.461491572367873,3.508586644840742,4.342523316900407
28.00497349463101,-1.6512731487784285,2.772872900164818,3.4598536087477516,-3.8457199883401794
-48.827135811216394,-0.41871874031756096,1.47478921153197,-5.489593168876308,6.82190605231823
-76.0166250336103,1.5686529385292247,4.1819898721006865,-6.8028027532612025,-4.400664147674706
-31.91169537497196,1.6295534830348593,3.065226105580222,-2.67659249114229,-3.6116444354838646
-29.95661994964184,5.15281929890605,2.8035995870053054,-3.4145983346650732,3.5779964086199456
-45.297575159539214,1.4107807136284112,2.462159652143201,-4.73828981029299,2.8954901247369675
10.555772297495027,0.48904596514664345,2.750052762319798,0.9811828620140481,2.3901182436669117
-52.5641824078443,2.911080684345131,1.8260948139567101,-5.803083864453184,4.844771461904873
-32.790071987992675,-1.0655310043169255,2.456938089027259,-2.692819827548157,-3.8199720170244156
-36.62990922835217,-0.5822151794191457,1.9784652158023246,-2.9605600595702244,-5.754619890405418
-57.285736893236326,-1.1870856257167581,3.491120295495858,-5.643524660216602,2.7900327511938388
-4.470179377046488,3.2943455922687535,4.202444297702778,-0.6628096337750349,4.925878683393133
-21.25634511577441,0.47059693965199645,2.3830510684331943,-2.4815114996427976,4.743204509517716
-3.8062231494175474,-4.633792410713189,3.7632236578232807,0.41128535287861157,-2.0617173981468597
-28.261480399202103,-1.0617502860492714,2.699465456477843,-2.2319259011025854,-3.5895678074723323
-13.511318969558378,0.08616097244682319,2.144151575477782,-1.442535715785029,2.0203041967244637
-100.93804914397857,-1.3659400823604613,4.691647741525706,-9.490204825025657,0.14985878009904047
-7.399595409304903,2.347023071986581,3.711390206946617,-0.24491069743740246,-2.6803956538693563
-45.56667603008445,-2.809445346797373,3.576217362327315,-4.092065603121922,-0.04396466981370545
-11.51719578907328,1.9136169936669856,4.763757409169056,-0.7621707969885505,0.8210498473319999
-61.241893231141596,0.8727323792928867,2.347465107068973,-6.332109148788193,3.020480174320475
-16.23186783176719,1.421545680980785,3.8389206747587865,-2.082569180109371,7.567379115608741
-67.18640893245853,0.546195231309266,4.350032704255313,-6.6751681355196855,4.022870939106387
-56.16699741607404,2.7318824864917435,3.087490951702421,-5.607455591812619,0.9247673530173663
-6.151063548373584,1.1880656837829071,2.4886993547823164,-0.4078998475081843,-1.1176917955597145
-17.347044511504027,-1.0649815108173883,3.4862840043721386,-1.4503531740455409,0.7275220241453323
6.378148338277236,1.685110039405315,2.3151448947361972,0.4931135311352337,1.9444319781280115
5.062049668767516,1.7920038729466228,2.1634569276808957,0.38755078706559276,1.460676331120892
-74.44232693474204,1.8636385979425818,3.6826810334486826,-6.713829140676643,-4.8453199284162425
-42.22619431204669,-0.13798313451204547,2.9428738005864474,-3.561815554509381,-4.37392064815233
-53.386005529154964,1.0316482710826482,2.072318938693209,-5.218008679610085,-0.6481164226787941
-53.14089276472894,-1.6118932242236488,1.8178139438202359,-4.845556023673721,-3.0532740322930794
-32.34585650064794,4.8242200560346475,4.677299571755031,-1.9617884566751724,-9.670799140928594
-43.78479125506084,-1.8974240497750752,4.1872567455389245,-3.788786079850645,-0.5649386684015483
-26.52848341359301,-0.5519138752533732,2.878524470552071,-3.4297705727169934,10.116655033095384
-51.3517015740271,2.676182823959228,2.5885585199083345,-4.635742837627692,-4.657205806982291
-35.279128561735256,2.505319861475952,2.059480121068816,-4.218145294030792,6.710029040104098
-30.71553502693541,0.8257350447635488,3.668498998251949,-2.5245924157031654,-2.5180071672416444
-73.83878645254828,2.0434385980223073,2.6253315795767582,-6.670738398177212,-6.430030294106555
-34.46301360408417,3.278844325938715,3.21255366004507,-3.449044980969745,0.968139297311167
-64.66347471321866,1.5285582839299914,5.358405514349763,-5.81834371816653,-0.06618925946485861
-28.82883401466527,-2.219115869321545,2.9624904607675826,-2.065799874336533,-4.867189904104431
-92.32294567392051,1.4664257477738905,3.4305690595584553,-8.517724268292362,-4.9367148467838975
-54.66873584830032,3.0159327671330765,1.9990701900122754,-5.281249605087472,-2.365135774843206
2.584258097349819,1.00301003301796,3.569685510891213,0.38871494690909003,1.381267273416604
-54.38402603135888,3.1220827670817037,3.489927652995514,-5.0458584085947855,-2.441584573166183
-4.214376275309395,-2.212443637342101,2.291891405554323,-0.18976702020963954,0.10270729917149286
-3.000813161949864,-0.501845509331226,1.8236741210991823,-1.2021854028927896,10.103410446635364
-60.84625805821831,-0.23518347263241268,2.0175613572649818,-5.665556275732184,-3.055465106998026
-66.24478682332848,-0.10250054737341774,4.111095021140464,-6.529979985709179,3.331538875661493
-3.371670936434044,4.861380805639881,3.102538505193906,-1.1284659686718257,7.888734641516982
-25.24450089804377,-0.036796072633289656,3.8994336956224402,-1.491287459397063,-6.511832481117575
-52.83327375216272,1.033445152442346,0.9079384983018106,-4.9057121409073,-4.086786840136247
-33.27519052616756,0.37928817480025645,2.2840588944510287,-3.279218251725105,0.6315791620135724
-5.423820952396004,-0.9385492603503638,2.4477436739993683,-0.8039012455853725,4.582328407033883
0.11025033865012901,-2.5021798513425644,1.8036808957415131,0.9902127169194124,-7.727470711456986
-23.50804583155041,0.5429045791701382,3.8086542365982705,-1.758829667068968,-2.5647396769563158
-57.08354706361244,1.3613572381206516,3.1587021998623004,-5.961793942526071,4.34806363944168
-56.12773232848638,-1.6555261522562978,5.320861667061404,-4.890173005183614,0.6796530194787727
13.29107609124073,2.801336828742139,2.6539144368492593,0.8734245089956576,4.916978046442315
-39.9618222507058,-1.2888222575417516,2.4859963205840994,-3.690055102179056,-0.8718156736549408
-60.294752066373455,2.120946158986373,4.09724531329851,-6.612799036745521,8.96962001092522
-37.764779383996874,3.8324119520357027,3.625254412461167,-3.150156889113071,-4.893799080116729
-41.78496061739856,0.9931019265685308,3.7727370968307836,-3.6326416551434946,-2.3967087287970847
2.562984522370075,1.370035640493806,3.122793572746414,-0.039996719327630714,4.715893819896057
-76.1604322006952,0.2100166551383893,1.9389667032271911,-8.038346378275254,5.0579212235440725
-22.061782269091946,3.9489202526180014,2.3618483478286594,-1.4438595806065702,-8.203064684800003
-8.257948187243795,0.4576800888890621,3.050724273786361,-0.9173267179222511,3.013208596201513
-46.74167894854405,2.0265861502662137,2.265486470373316,-5.065297029679494,4.1811055099789165
20.586270509656625,2.3087827283867797,3.164746595161131,2.5545640646447048,-3.6098562480878194
-16.7875700436757,-2.282603148125696,3.9058705480937834,-1.0590580245815966,-1.241732039180276
-57.40984145165506,3.5135851417987385,2.8596304881827432,-5.706292366168754,-0.05933872863081792
-42.74560769328027,0.33747168496231095,2.6111883919896943,-4.116671588713001,-0.04305144401598503
-28.934049922770786,-0.18210127624704087,0.6792686670849184,-2.848472649144879,-0.24292131267764555
-9.594695856069405,2.248104011802807,2.862641445755369,-0.9265435167764644,0.5953663175329326
15.270591005896222,0.8694926297791428,4.108813499980362,0.4870640343318522,14.185791442093345
-40.64009933815614,1.9870959421380898,2.765181986308768,-3.5070634743235836,-4.651454711637724
1.318161399054464,-1.026844520455839,1.807797542362742,1.1244640364053744,-8.596023716228167
-106.17490490138206,2.7712307699955754,3.2560753068275643,-10.533279618420705,0.4227824987602535
-58.018498340637734,0.08239079687326079,2.096003343623315,-5.8462310031419245,1.5009237964649138
-11.450875732669367,0.1574556059182397,2.8031532142918967,-0.5420278805416419,-4.144907744513321
1.1574655929772764,-1.5791239191201574,2.8239687474195025,0.8742390352401714,-4.8016629282638394
13.76709500526508,2.2245087620265007,4.324842483581898,1.1989462975270175,5.341443275930367
-40.57769554170611,0.6800100060404746,1.8540388917594488,-4.0694618722076505,0.6362832303893006
-28.932135256921278,2.8223415626016384,3.3213035390498273,-2.567307321686992,-1.9124685217259485
2.6202046461990918,1.1264206053278671,1.7873193307306305,0.06646963496215363,2.190925591414469
-1.057063156027414,-6.838944957353915,1.8479519083457696,-0.0329310068014097,3.5454509545533335
-41.16543114584417,-0.24308426146674078,2.4780829849909436,-4.109450182553205,1.58583663054666
-55.02070937373456,0.15880770129836697,1.4154977542061984,-5.430545317638146,-0.293751574961584
-71.19427809930332,1.614336633338703,2.4165437956796216,-6.734227952194232,-3.199245914920932
-14.631015357497333,3.8111287057710816,3.3160451776272373,-0.7541619907398041,-6.245920897968621
-7.661690286264817,2.9533517429709426,5.4083404962492585,-0.5847516367488765,4.021686940580897
-10.665168642759983,1.5752339664728643,2.476247870680627,-1.2535346805447987,2.615512058714155
-23.21189963973029,0.4664095072896991,2.1179393814520546,-2.2120931087810067,-0.20275649968869572
-17.84571179900199,-0.31050644407575523,2.365059613238684,-1.821050427515472,1.9184224417337858
-39.09404900393684,0.028959470909393215,1.0075022769701971,-3.6134431072955415,-2.7203324569110885
-27.8751704417671,1.7131766495046739,3.0413856556243144,-2.637857495326329,-0.040677136696811694
-6.493474487116586,2.485435298310583,2.590921357967522,-1.521472997245215,9.156756206973341
-71.12387170541942,1.2043856838508495,4.3328790129091335,-5.930693642224789,-7.725667989969843
17.93141366073181,1.0608235748607506,2.5944329786228746,1.5427332003228935,3.6564404902139898
-37.712708876226465,5.184153162018756,3.310062011653968,-3.176906513029456,-5.796592696692608
-7.362998974389497,0.03804413181320798,4.245191760826427,0.40816943103444503,-6.958302079093407
16.271618642478593,1.564145337459687,2.004201975956212,1.522294729915779,1.2708050646976559
26.773788979313814,1.4369830597378634,1.1887099777716554,2.349422651258032,2.9143287896780357
-17.284952805270773,1.4607046613003722,2.202099512055254,-1.2309154821066004,-4.493839749606459
-21.506541433190343,3.6675529512884166,2.9455163790890038,-2.1711421074716757,0.5401198507526049
-41.9121765715995,2.4797669389249934,1.4607937468444014,-3.6770434154963656,-5.84814629339342
-0.7502320378761267,2.3094023577271754,3.938771874351455,0.867312420893255,-6.699576456126745
-29.11447262936018,1.9125960195064693,3.317060979649061,-2.7821065699300926,0.5010184458651121
-1.4523024793644144,-0.5398551044130666,0.6446370430742707,0.014009983131083814,-1.2185855291428345
-27.422760600374236,1.284552838962429,1.9450715479196123,-2.190198190054346,-5.21722928768039
-21.48396130596074,3.2051493089755616,4.020285969302411,-1.5980572436709446,-3.0652887049966187
-61.24237510676002,1.6108074576315699,1.6696273494872702,-5.632571867889975,-5.025146285137085
-49.17842457354025,0.19644208599243973,3.1458477513123775,-4.093282830586417,-5.869727792063007
-53.481172463059465,-1.759306625535471,0.7405695753804165,-5.108319840970061,-1.3812099165963314
10.999977897420415,3.6258339786296085,4.696480371291942,2.4438721153640017,-9.73742827605178
-22.607301738504287,0.9054071636908982,2.0759966539352295,-3.0854354467894645,8.871789674332476
1.6664774571147731,3.159290235492909,2.1099402760154358,-0.3764489066052086,4.964283397508428
3.2157876862378947,1.4905980453464438,2.2581570099288397,0.5080504072027137,-1.335197138089774
14.742221920643116,3.503907865453086,2.00585982609208,1.3689220477639839,0.3069159207592716
0.6420315741887772,0.6227942351247536,3.615531940624273,0.09189163611727214,2.6797358988722597
-66.61762587151522,-1.0101461087495607,3.343588317907677,-5.628610521788227,-7.031551889345994
-61.43531697522014,3.9429057305954096,3.060438998210719,-5.787483409563346,-3.190364029442127
-89.21706082190539,-2.254882610545616,3.7668889510696433,-8.232612984129949,-2.2161265829104466
-45.878095648476105,-0.9864504650667267,3.1549158363837715,-3.9677314913673514,-3.2191820186029534
-49.19932987693826,3.736378580285888,2.605770578317745,-4.467777464839354,-4.692234441981066
-30.586422030081017,-1.5012711133296355,3.536583671384904,-3.018218692426043,3.4732564670208106
-20.793165900413786,-0.4571896302226359,2.811103533991674,-2.450295580500277,5.913960489405423
-69.23955727395665,-0.07409074460862253,3.392880721022377,-7.340766789683908,7.08306589195808
-17.81627876293865,-1.4842484776393992,3.434295103333182,-0.970082209928715,-4.424736710637235
4.6982292741463,1.5676168106227872,2.1552061496788366,0.12857148685146136,3.7899343872236613
30.314794392910834,3.75972322221269,3.4355434265662246,2.9456377286954716,1.9292951538053713
-32.84672122297068,0.14895279800326877,4.245115937346014,-2.7442892100461336,-0.9730531911336919
-33.733235041680146,4.677051203977446,3.4271221195461634,-3.2186773415229895,-0.9486957228683315
21.18437952684339,0.8144648866859745,3.442970995298796,2.597304579936668,-2.2323863972490825
-70.83992194660716,2.2582644623785124,2.2073794488964222,-6.6014682687155775,-4.736240482788072
-33.81411868481156,0.6303225366479122,3.4004845181283514,-3.1158636762049947,-0.07981945157791714
-19.05613404731342,0.6289757058384816,1.7637584688004355,-1.2850530931309743,-5.742379984856603
-51.970801048715856,2.2096907233185057,2.456861181156616,-4.757682943738697,-3.9897752571195646
10.470619515426527,-0.4516908509727704,2.620373386525459,0.7933655035637788,4.47939907647785
-46.50524327206309,0.08800317675897185,2.9033727405323706,-4.539261449204632,0.9507629492203518
-43.117918174360135,0.0010898247839187247,4.174634584682722,-4.0075508089292775,1.3139384814479529
18.310183027982195,-4.420952160142312,4.196436233939747,1.886126471332247,6.0619136611114826
-33.64548170255151,3.686657057312109,2.2957140456817466,-3.4700967647989893,0.5297331616674436
-18.048789247490827,3.0523695693122757,3.1992063460509126,-2.1974712271986414,4.958468550992556
-82.49895873904057,4.024482141156057,2.452060537376314,-8.0094558950933,-2.9134906389460524
-8.230194446186843,-2.986854868673457,1.8567978283235258,-0.9984688919173756,4.109846451140381
-20.789359942377093,1.1136375141368742,1.5457391954390847,-1.7856378745725903,-2.8924725386404617
-24.72339648367895,1.4647076090961793,1.8739951657452913,-2.256704900120809,-2.01073681670977
-23.968496938252244,3.078534297552217,2.8497882554702096,-2.8100895075649284,4.6234542638749145
-45.472852332998464,1.5867653815904372,4.349576352005235,-4.483565049284701,3.2991190795341123
-56.00508998989334,3.4146960709201006,3.5733958749735253,-4.354745488704968,-10.972693618484259
-41.36375015948606,1.555056992941429,4.849420849268748,-3.290631070423418,-3.3557473083919898
-71.40271293509936,0.25771847586254837,2.491604249114322,-7.216073822988659,2.1811889904070996
21.029334940805754,1.459284107874341,3.0950687275239583,2.9766734667997925,-7.072179174105143
-65.70280245490764,1.4889355285613601,4.350682818274168,-6.429147223016838,2.576312257286574
-102.39655298238908,1.3311319891637776,1.8094320930839842,-8.867746742066311,-13.566140431437292
-32.224956407741786,0.08016475079400376,2.2761067893367066,-3.5631800254939603,4.661927000916982
-63.6146471322852,-0.12529006438543755,2.7142607996869295,-5.27123630004482,-8.997836177464995
-33.83519999600138,1.151735052870346,3.1522801624191157,-3.4368117244523457,2.441267277682181
-5.360384107442361,0.9230251586357602,1.4124387233191,-0.08194864456975437,-4.503664454279875
1.3866599488882434,-1.8579591808939022,6.472156475226438,1.5870133151284147,-3.0822912519950743
-19.44189049538396,3.4883817436008004,3.4060207842661825,-1.7378878894344514,-0.9069580771265389
-57.68945447861996,0.8349953511457788,1.596513781470725,-6.444655649454965,6.976818403963298
-34.63396712413231,0.3024471801559663,3.6087563863708545,-3.5910817041138827,4.381406990971641
-66.41362267871008,-2.6366110130416334,1.8747186683446544,-5.9966546156946645,-4.250128493882625
11.508170317457399,-1.3208263405800311,3.998380227556549,1.6864902689174874,-0.699558090398671
-11.181292967656491,2.3940655977402843,4.388336834975833,-0.6056823948461305,-1.5071267737638985
-19.666454480415364,2.8996229112587537,3.0378493622055895,-2.569107973076726,6.881945981585748
-6.220274697748124,-0.05320495477149212,4.783779405726355,0.24581137193287095,-2.9306495890281887
-0.34029342561166853,0.5753235286666808,4.542603582021246,0.3428138558944487,1.1027180769585678
-23.925526316121626,-0.4954146560702133,2.4248083764161596,-1.8611895914461745,-3.5959991580402813
7.7138816320553305,1.981878283550028,4.661283324307059,0.6168283056569397,5.986549991076686
-4.853295832081233,2.1842500734652748,3.0218574191872785,-0.8310982400644171,4.6484670973046
9.843762726030917,-0.05917723199426339,1.990190265649291,1.265659234549163,-1.7930266800922843
-67.16906816604967,0.04522959192741849,1.6644234664027917,-6.412182414493973,-2.3772824481955865
30.93186017885492,1.5783040432631659,1.6793497798657364,2.3606941684099816,7.2408203939072955
-49.332672212963686,1.3549271600822044,2.4831657013974864,-4.864327153860414,0.17466372074856867
-21.077021899778735,-0.09491565851018602,2.026917462817215,-2.0157477190279973,0.15501172002467287
4.273870919555242,-1.6607019622519377,3.3686736821606282,0.8267308411310532,-0.3260959164089103
-20.07980334158932,-0.8281035491007915,3.1671664252712715,-1.5117255030834473,-2.0407607448630483
-36.37390723411344,-0.5318681932112055,1.8850908484646332,-3.4278064151285,-0.941517109481562
-30.50516025546647,1.279880289176962,4.395069778092941,-2.9442084936778254,3.1261441252997795
-22.660180222562275,1.7497856691351847,3.0941895999978133,-2.1121942100294593,-0.01962863665161614
-2.0773986051717497,-0.004188853179113883,2.9716446700998085,1.7184464671613702,-17.052100838862746
-53.47438907280901,-0.11649062672261956,4.024321230153898,-5.972079983174762,10.353446413166763
-15.186727732463819,-0.33842710584178626,2.858604237199312,-1.207600714610417,-0.8986024872052895
-37.90515613221576,0.4817742722282399,3.1003345211391573,-2.9403840754616275,-6.3391839779718095
-13.296332276280186,1.636612327998604,2.07680946979636,-1.1871290845336895,-1.1650632014836346
37.26446692975246,0.6500144249358254,2.920177431378246,3.952585287196799,-0.45453409700072345
-1.8683754130254182,3.031370069736363,1.7716260445386613,-0.10151794179644513,-1.5842163195072225
-40.79098329375857,-1.0770490637854184,2.7296911731013216,-3.449805920125215,-3.8915960854868867
-1.0040606282343885,-0.19373477375932602,3.9768369557329204,0.10144016784599863,2.0322131233060587
-15.96421630461878,0.08314443186301512,1.165299581755609,-1.642736990468698,0.7610621629466401
-39.3420223936251,0.6006173057986444,3.4218958581608114,-2.7505263289157003,-9.209724941342888
-3.422388136653346,2.4705850634832576,4.0247780419497925,-0.11150105467637839,0.5070394501091103
-29.460656894290658,-2.788515685262152,2.5573022570734576,-3.7952988190657804,11.521537847506472
-6.210273635910777,2.710156584041456,2.7330424085901086,-0.520718904050339,-0.49078268564010985
-21.794925995279183,-0.981445703313391,2.374366077538184,-1.8897019556425543,-0.9977800196559259
-65.83855685315005,1.1019661287557643,2.441020552107993,-6.811306025133656,3.213165667762026
-13.392226088334434,4.617345625434383,4.032210701168115,-1.887209932091397,7.23588120451601
-28.583622110733174,-0.10666183827917242,3.5467181867008235,-2.1084017447250307,-4.301471270374687
-54.44733576499426,1.0383292842212035,0.7785888599377122,-5.583351699637053,1.018566742470451
-33.62161360703837,0.31465149831870975,2.813186481911401,-2.796703440515514,-3.833400405540327
-3.333864503125603,-0.9421609280043566,2.1837896489814637,-0.4541335299330491,2.870785567956713
27.681036391106304,3.6086563865187906,3.565555544096541,2.6996304355467604,2.0587004268886973
-30.859923503744124,3.097180178662564,3.3776880845351376,-2.7952082791731323,-1.6042366022414223
2.694357356227534,0.6850501153477921,3.478451082879753,0.21811184522739957,3.1956193302764735
27.094430228302055,4.191677529526231,3.638642923729598,3.3633446285574706,-5.324924240433897
-44.372213382235,0.8923954757094793,1.4147364108562104,-5.207533288095881,7.7572915389196435
66.2584896499672,-1.955380295722561,1.9935748542313911,6.863479519317885,-0.4050302204944356
-1.291896037397492,-0.19116762410266808,1.3743684547140278,-0.21539626307075332,1.4298725676896316
-2.513728243590677,-4.018703379693545,3.1007829875056383,0.2573719595044466,-0.674382364887272
-11.001767306423952,-2.3027454860528485,4.591271123417299,-0.5954397595650929,1.3739456644347878
-17.832614505556855,-2.0789510708633543,3.4037156175836856,-1.6396378910421754,2.499559941642346
1.9584850106249485,2.9000654209343235,3.726812626981851,0.14651895966119532,2.515545792703675
-47.76054543835648,0.33975508085015715,3.63419949642901,-4.440923732599657,-0.21933415782377216
-2.5714549851259267,-0.23462398396873252,3.167769022737859,-0.8086604346521464,8.141151498734297
-32.64267310011583,-1.8925025938298976,2.6862667212114495,-2.929312443171085,-0.5992901471179976
12.484671730663084,2.611878214397363,4.201802232639103,1.6227260172077083,-0.6347420480599391
-42.22309339405559,-1.7320997957891997,1.0646422981707595,-5.0624330382973115,9.550652692575703
-63.61184874554836,0.6654907451792565,3.1299033434814514,-6.375850861407516,2.2629882308212634
-42.10643749906693,0.36540560105539577,2.118735491467527,-4.126433421900496,0.09745394011138139
-63.79159026900048,1.3523077318588597,2.4572944091608795,-5.91135882307311,-3.8445819508754835
-12.549643895251153,-1.2006673576950635,2.0293255785527493,-0.5084944077513831,-5.834825562947677
-30.537681983300235,-0.4015569367324685,3.3127856269427514,-2.506660856698641,-2.5266577954279685
5.927723958006366,4.887096344199287,1.917568938509095,0.8881914406694773,-4.478470962304325
-15.27228499368701,2.834744440232679,1.624268469066957,-1.8793022296157984,2.7629270972559135
8.054838266531096,-0.5014061630542974,3.3993434187955245,1.1698984599471687,-0.5045593316863309
-4.091771705721779,1.6896340433963495,5.155959018069467,0.9616702927964962,-7.90731330638195
-56.4172409739885,0.46349077557143536,3.8188380799835384,-5.140599330662096,-1.5971119848701687
-90.44833650261167,0.7328618059704104,3.1172856684690995,-8.33467836997918,-5.03861622109436
-7.546801754112271,1.7289057463760318,2.8429023482594893,-0.5105672760154043,-1.2850584267114138
46.773849779926266,0.5996981331442317,0.5626037752122377,4.301464445495078,3.5384870103741357
26.22358166411985,-2.290937231215589,2.628421769855288,3.053712946233957,-1.4409289325496266
-17.235187351521933,0.47753937218650533,2.406852482797215,-2.008018938401048,4.054467064882071
-77.10371825919498,1.068251058546632,3.1767929487766757,-6.778613264187216,-7.328707786746827
28.103017902193294,-1.146997481497745,1.753551627517577,2.5200241275161925,4.245011195372628
-19.338466336986343,0.624688681682111,2.549142566170898,-1.7723000110988556,-0.30327861117275556
-33.99129326085607,2.896953268722914,2.2934658807269375,-4.0256469743499625,6.131696284796745
-38.11368068296005,-0.6055512715410685,2.9905758393980406,-2.915306574013261,-6.421953344259087
6.068122612365587,0.12878505871536705,3.18597864016448,0.8114220838681994,0.427124218221986
7.27179405751112,3.4529122440068454,3.5776641982121116,0.4147109180779336,4.5981490335205395
-28.916592057504907,-0.5494259914835764,3.7936934692571223,-2.199400135018026,-3.0498501769118267
-3.95833184161262,0.5574505661874254,2.105965273923955,-0.03316510387907767,-2.796633652172156
-46.114742752218696,2.210644967550971,0.7746084975408167,-4.699291066904854,-0.0771499858300325
-48.15663297841623,0.21344648451547998,2.7506804072231934,-4.226974056501379,-4.102054979989792
-35.718791033632264,-0.2067025593278511,2.2413320189496417,-4.223956719127289,7.880019742096764
5.989816513425082,5.076444510964208,2.914986405901294,-0.3049825946067155,8.62570664065747
-5.388528937800866,-2.3063581585182065,3.467135025484607,-0.3922777570968172,2.692684033661945
-55.42521436868442,-0.14307547876841764,4.180852592125586,-4.409775855337607,-6.886035976653339
1.2984131349354655,-2.414501427540809,2.6041506539185315,0.5418247949290218,-1.2171839435082692
-10.231436938843801,3.0075948131559014,3.3861403878396295,-0.3871577200282119,-4.997170463599954
9.198135606193272,0.17419401839216386,4.199840502888847,1.573044412621834,-2.209740466794737
-10.775277766535392,2.591053540764488,3.718406681681395,-0.8226052857817683,-0.38811461650674295
-47.357682706169825,1.9580459471510112,3.1650618343837653,-5.081498186752923,4.982680291652086
-49.809525547918696,-4.955158445928359,1.9235468563994516,-4.981516837908022,3.4082301813167533
-20.408577821287363,-0.40749576134957044,1.0687924195184568,-1.628230512615226,-3.6369455054552864
-65.25418528481994,0.2081975386118966,3.976585221875629,-5.52639566960209,-6.141019851395079
16.322885229945324,1.4279408918566068,3.2684311158876365,1.225507166541853,6.024503608424116
-17.209881818849833,1.4678007875801533,3.028654535309573,-1.4957609595460097,-0.6929855436170018
38.56657873391632,2.921390701255593,2.3774593250478198,3.545537711175478,3.063584482097959
-34.50667503003306,2.158052337547235,2.774711781200349,-3.1262989289164604,-2.3979555424590626
-20.937052359480354,1.2488068680514801,3.068138553696389,-2.9997656365504533,10.78956911816798
-22.375435035416658,-1.1175534499949085,3.9458673959903603,-1.1826147085252168,-6.098043848482099
-11.269093650198657,0.670996156443826,2.5000101763971236,-0.5423592267521853,-4.618486740376423
-42.43500067516838,4.483641255686885,3.4136116467964763,-3.8547168166323047,-3.2164670179026356
-5.064856992525654,4.895771450854051,3.4212401655593014,-0.7115529147824589,2.5290074974809675
-28.049277943858584,-1.8207074057149248,3.6713105515366546,-2.911811388754404,5.34881993799901
-61.08298190933138,4.552415901103487,2.5394339647344726,-5.700497617381677,-4.742032470754591
-77.9456856250928,1.0719204469123074,2.885959003055784,-7.406208705217519,-2.3373689545440772
50.56248053420396,2.7254906542524404,1.3867691821461219,5.097877222292918,-1.2982548247138868
-5.3341658350633505,-2.002988141678898,5.446425838353898,1.7816259699632138,-14.733042860683799
-54.25082912302059,2.2416679355200078,4.152068636683627,-4.513853274705028,-5.923211852797356
-104.36925351024438,3.040758612818361,4.339181464109847,-10.088459143189795,-0.29791744013699356
-20.272826481951967,-0.07597963315404366,1.0497643238324403,-2.3543803189457693,3.58446780798059
-45.732472436747415,2.9309900602138477,3.587713865859563,-4.110803779237192,-2.8720069786621765
-41.13440749329594,5.323138951780344,2.2869754527156463,-4.811750463282364,5.629091843968517
-25.684052941504785,1.8157797252563503,4.605607279347344,-1.7076530067916915,-4.212508133321729
-66.75964539068225,0.6744200006540118,2.276599541275309,-6.406669245092717,-1.734436572248359
-52.45965219650775,-0.41584710226474897,3.2719168856741616,-5.449501057506181,4.919641956376368
-60.35557561471321,0.22242902693812905,2.854251409150471,-5.8779810122979335,0.3497077714564222
-16.74129441453231,-2.896348322086176,3.671499823242206,-0.4463381424846653,-7.45976109062568
-27.40786334588146,3.1710785574510973,3.1617105723863026,-2.786795437862584,1.373655189903662
-6.964011163421114,-0.2553882498736355,3.0194919055257547,-0.5856327984978611,1.2993437883782044
-66.12672311702217,2.609884789761473,4.332809519919646,-6.676080894305858,4.022453015132256
-20.64289689921915,2.365186469667468,2.728576791602283,-1.747286213083433,-2.4913451763009
-45.89579378541702,-0.7723471381717266,5.101098809029295,-4.020455348741082,1.2002355359496866
-11.642598142733661,3.638124578010904,1.965958019715489,-0.2097654840762715,-10.397757857155487
4.337821262545035,5.001301435021209,3.004259296864335,0.22731193413298145,1.820444684403564
23.495536782309305,3.142535943273323,2.793736280462515,2.6521630599338666,-2.646121187472889
-37.05225557879266,2.0304145432275074,4.96911761801424,-2.3828516469115093,-8.06591390587644
14.768429198241334,6.95858289178496,1.155465544835442,1.795689847254006,-6.33398556386574
-60.69410431222212,-2.020723630646543,3.184178835190108,-6.052257282395598,3.3735790406752826
7.433996562392453,2.330610282062357,3.1352073959301916,0.6853654827905631,1.8724179473294877
-3.0256050984630116,-0.03655600742777554,2.507810407346072,-0.06217334350360515,-0.8133153999147545
-32.928497786385726,-1.7202583895370536,3.7559232442852233,-2.855470534408865,0.013076606711959364
24.741005158352753,2.057426124050554,1.9251704266501501,2.5237620932858373,-0.5987585436188173
-41.65794686896811,2.9376139792991762,3.142943860795013,-4.41784278498038,3.5211980192133634
-53.65108195472541,-1.6124531431974929,4.278377388824641,-4.039842751193854,-7.870299600886637
-52.91728308208814,2.6394268720708736,5.500582368969095,-4.005424848503609,-6.618646433634071
-14.917335462396546,1.7114686957693281,2.301791468830729,-1.6769498136875896,2.320989318090168
-67.17284532823857,-1.2319482280757712,2.3994788134480816,-6.197229928740294,-3.145197282751192
-34.62172572795318,1.9443058398754984,2.122107117133453,-2.67471420427215,-7.720901951022309
-51.70564175155262,0.25211608808314834,2.519086219877867,-4.870988565596322,-1.5353652938363362
-47.29065233781794,0.8261106539627832,3.001221132103504,-4.5530263266816435,0.07838767296325864
-27.500201988378656,1.6846550504817235,4.522590449817184,-2.772770997973406,4.498636560308946
-24.043166296249666,1.455311529747588,3.8770994757387096,-1.8498908775889404,-2.5139381990407133
-45.75976255700839,0.8988028618643383,2.1949145661265024,-3.558674042172746,-9.41801107806453
14.628400312115758,-1.6889130648503556,2.7095554639810384,2.060741564911588,-3.2991361014775693
15.659839130593303,1.940485398610494,2.509803666181386,1.3638495832421813,2.6258792095606247
-38.75566298119727,-1.2794764853616085,1.9266658770383078,-3.341225439938584,-3.775659988694678
-54.64774715784704,0.8121812966515615,5.83883831695629,-4.421356343160561,-2.317266151677976
-30.181670322837878,2.5787930346154857,2.514307206642869,-3.1121988418024893,1.2313567602233397
-44.36688118839062,-1.6630042661686382,3.561848411359227,-3.704915896069172,-3.3145290682390147
-2.6484579553191883,0.611044738095955,3.3035971479332678,-0.20242595937003105,1.7987177982913507
-17.095079833169187,0.040527533147925676,2.734196934889873,-1.4326306450575745,-0.920078929477111
-28.79558914332127,2.050854542084729,1.9693081303482294,-2.4645932909055523,-4.205539877244199
-7.881532543681785,2.5246296226312914,2.285734603733448,-0.37115552790597417,-4.126146406261563
-56.059870489977484,-0.7951774659137327,3.554343785755258,-4.522373180921708,-7.280210010969283
-13.663663003154458,4.992365185717251,3.6887547374571827,-1.7274992280145756,4.516874562410876
-20.296851812194284,-0.34152558932414934,1.13210188171705,-1.1475528655227878,-8.330146694657508
-66.04511079810594,-2.9180037849222806,3.3567280713764673,-6.332968250145186,1.5604794320987383
-22.852012811977204,3.016293886496287,3.3158302865905136,-2.2518558993461966,0.9070818606043514
-68.13651681777786,-1.2027112307318042,3.9514426528491757,-6.375193758870166,0.1202511459786485
4.379358445321992,2.489371511661834,2.1974136159607163,0.13441736089634615,2.997655730430001
-14.420021954622088,0.2386053436290808,3.452476845019537,-1.105839115522512,-0.5010343798624937
39.19750108682887,1.0103581821419712,3.6251010063587543,4.212310489993472,-0.145443577601013
-54.49449559025963,2.110411059961791,4.09276409045294,-4.989762986987848,-1.464391775336778
-13.555508374288182,-0.8690764951510002,2.8477107766316845,-1.2395773663483285,1.3021677036066601
-22.96290217125982,0.26862410817922455,1.5797713276369654,-2.8188599845952753,5.715304982509286
-41.5921494548113,-1.0041243147490024,3.955103704835549,-3.982909669910586,2.6497207306700314
-11.909418465013458,-1.1545858759627676,3.6108459955376735,-0.7537704376850858,-0.534868949308602
-33.896669178878554,-0.2525246147132083,2.9620194947009963,-3.428240537666202,2.7053883768872575
7.979207439392846,-1.015907189053788,3.781134855974029,1.5764132850360917,-3.7027266166757404
-2.76863530976976,-2.527704358792329,2.825721434290221,-0.7551112724024134,8.042504999702334
-76.89121840514375,0.7541540709375344,3.886371773846741,-8.485677236198343,11.364448312509081
20.232932776791465,5.382910433833118,1.3832122187947928,1.2422273683521503,5.597522886909205
23.423307581168874,1.6146705774319714,2.294393640560364,1.9697403301152994,4.234629535760853
-17.187270880767315,4.973016063137258,3.7093890492597463,-2.0840642554456754,4.60675542181284
-42.55197942472508,0.08065754814995174,3.4251575920703092,-4.056226558839432,0.9028835222234863
-33.220893929186204,3.996486037414897,1.0789950687967016,-3.0331036313196185,-4.597043045075569
-8.403328550210347,1.7569262585049223,3.3494537555344537,-1.560843855035188,9.131356986005034
-60.646727149994156,0.1904103228721511,0.695088770483538,-6.157972002355624,0.9585748118390934
4.272737387585657,-0.5369119906596085,2.901625222968865,0.49543527150929956,1.6916979014647449
-22.824731362127842,4.698569451259262,2.9191511454667176,-2.6722490219213837,3.6788349839762757
-51.249166651533244,2.7594485824229826,3.246612133130583,-5.667273437747189,6.678966020474837
-66.77330428072968,-1.4997989534493859,2.060705165658781,-6.3786900585759465,-1.1748777733023175
-22.064999274136124,1.447554709150932,3.195490328844883,-1.674494140950423,-3.4910456087720654
-12.802626228761099,0.6325588714715823,2.1920969878137537,-1.698503473318301,5.0674513696816526
-12.921433362498057,-0.9615857222017083,3.6603559568801813,0.4612314409611944,-13.70340347824209
-23.126932433575078,0.7770132875041095,3.4382899202436503,-2.9376676459546074,8.816696776131218
-41.10181168142673,2.4263721768116246,1.2269027770289278,-4.0944676696740725,-0.9939984670214941
51.39907332325194,-0.8901865449861215,3.405825124607134,4.42713518672409,10.472725923355394
-51.74409848161996,2.6784841368832772,3.598456717834049,-3.7820331404703795,-12.025786457826555
-39.71626825556145,2.73161597595372,2.567938641575207,-4.4067018641078555,4.633519614264024
10.651801832963411,-0.15505444187499728,3.4347596000875655,1.3148977567661526,0.5297448638378084
-69.72850537490142,0.37894855383443105,2.18929965572084,-6.4651468158521235,-4.068253247662535
-7.104797470355093,3.0171271646559457,3.635741477997205,-0.9447699863561607,4.138992834585865
-7.136415850948694,3.3006137967575655,3.7378830774895895,-0.14583709444645576,-3.8354093296171583
1.5867918544326338,-2.052310340818013,2.8671979516685777,1.0358107558025678,-5.689954509670915
-54.686210079393646,2.7220930744130785,6.116661528485633,-4.228521670992215,-4.408652843163981
-54.56600366661548,4.0930458325212395,3.1616648568598253,-4.526851443258126,-8.844980983519228
-29.243627767480593,4.094783948136092,3.735702723043368,-2.474073561875427,-3.061415414055962
-25.416982236793768,0.5965716400378982,3.5128927871443945,-1.8338769429057056,-4.291394694262883
-7.162400702845193,-1.6390628090305444,4.580659546664551,-0.08168870908853876,-0.2803717368322611
-21.038440015886323,-2.106403269461269,3.3149428220488435,-2.3575968845155124,6.337941942362724
-60.29611365064927,2.1363521833176407,2.358911435873606,-6.214551323397585,2.1723392822415906
-6.043165658241694,0.5248043795168447,3.729484054929025,-1.2787416896914348,9.959111877906693
29.520956473533886,1.1136516286208498,3.2897207728997278,2.6911438194612636,4.758258155522819
-49.487044139901386,2.657557993060359,4.886463272460718,-4.136099735241455,-3.485444955740134
40.880158992141915,2.644960231528456,1.641313344852394,3.759999440235773,2.6311618480175984
79.04001308078288,3.9203841340284304,2.0463798064001857,8.388298827504515,-5.756249683265867
-23.059480396188377,-0.5301450875544083,4.188213741836231,-2.0746835306461713,2.337711040877001
-46.24568721758503,-0.5422951600859938,3.9302923566072954,-4.157863537716603,-0.5341047582745774
-2.3637146212899083,-1.1273980308824796,3.413140291043092,-0.41333811789255304,5.245747234662293
-22.03040147845033,1.6680698973311412,2.6807585628869477,-2.678115912847315,5.713339319480173
-47.23773812408634,2.4177985029312405,3.3211449937006705,-4.169314302369283,-3.995993334563372
-23.094469338145785,2.4310146498295353,4.836426365426247,-1.291692025673594,-5.545301409277082
-24.453606187336348,0.12230916737711994,2.7953085999911615,-2.87256296962573,6.164306467528529
1.0456628108406396,1.4959585584923394,2.1527353998805445,0.2423302284622202,-0.96705132755302
-39.673028126685075,-0.5434187313011141,1.9341619350581511,-3.816419868530825,-0.30187447796928973
-35.39077527187785,2.176300216591949,4.645591135439727,-3.185945398212422,0.7759078513694394
-32.12376322360784,-0.7841782508234587,1.8040934001826718,-2.5412063381438723,-5.505922467611719
-18.875491649542376,0.5823338962674953,3.915660495896221,-1.7968416753596825,2.634857435701263
-33.83082080801929,1.5442588360978067,2.8454601965548085,-3.337020951091562,0.7914202173918544
-32.893090785709255,-1.5950408263764002,2.120361126780373,-3.0397468108741865,-0.5741194367888554
-19.246402138394018,-1.674035250394577,2.831332058204186,-1.419356383718887,-2.2117103700541745
-11.535575906860753,3.3075098481473,1.391498822398863,-1.6823845577050298,4.11858198930025
-22.1922642239076,3.2196270497033312,2.7682614095758313,-1.3995571373413667,-7.890688567408905
-24.567421475694168,-1.2983530191992902,1.519321831725555,-2.523713332119567,1.8959730621906217
-40.17324559370178,-1.988328866294387,3.462113825237286,-4.084401850207888,4.661495376249085
16.28896391812082,-0.754170491215155,2.0940283784555738,2.7539991576215153,-9.777703700042434
23.449973762671853,2.3119664628244303,3.1071357951798895,1.8919879646723654,5.787684096958026
31.879724136274653,-0.9232601221763517,1.9314313980588882,3.4537732120094207,-1.2637711113794483
26.961248815031425,-1.510251774761079,1.9184819069990928,3.3381727588547623,-4.745209679264935
6.544862023009613,3.640352188283643,3.282649158919236,1.1846420939060236,-4.427788635054152
-27.481282531876133,2.5070204030576084,4.232252702029338,-1.5129398872260862,-9.127403127685417
-17.34956208413948,-0.26075100111663896,3.3309050476055195,-2.134108245428239,6.895627979742209
5.58584691757909,3.8109259252014906,3.7624832988002708,0.23715725631578088,4.847881535258278
-16.512946525502542,0.9531514296646464,3.548803700732513,-1.4459629736184978,0.6186094224333063
-31.17218530577933,-0.2062571391209349,2.2886516324227975,-2.7882430127002777,-1.8771450355682007
-4.175398811659235,0.6425279363023018,2.358956595743857,-0.20235000629421895,-1.081993661717335
7.387650015950216,2.7213842200868887,2.601325071391187,1.65893095944483,-8.87062865677944
-3.908532547736943,-0.3837732079913647,4.3058895894415254,0.007884740580816896,0.8396779395657978
-46.31923265886635,-0.6342087626852337,4.106149126222716,-3.881642418786333,-2.9705889279654984
-17.047698146933282,-0.6816464880696855,2.664105629597218,-2.0748995116316324,5.816484914830781
-23.945558847272256,0.9794263489826325,2.344999956405128,-1.9840638405812971,-3.219877417065588
-22.138100035327376,1.9706009686499666,2.011636169220873,-1.865550884083619,-3.4562216594867614
-49.134899035987026,1.1580597581276715,1.9448474495794998,-4.660027242933526,-2.1680485851816305
12.972331084077746,2.5468817256589062,3.696819912013696,0.9875999260450232,5.239510326263298
1.4543602816278267,2.135654636627096,3.950091890663386,0.6710379635415471,-2.4230401859300312
-10.365669773237428,0.04414148070132873,2.2974818822961502,-0.7829639859645003,-1.2384949040733249
23.348464102831148,4.239362089721183,2.4482560625172605,3.459876720381211,-11.87149470892842
-32.7475514275049,1.6753970179266773,3.4899646588618487,-2.9764440560067444,-0.7758460463746203
13.198378701503676,0.333077464417992,4.070654741243667,1.6166883945864279,1.0075135290327883
-28.58004563805766,0.8641900066467862,3.6361632843054448,-2.6484637929894186,0.777918146045874
-24.640813750792148,1.198802043335947,3.454700139437774,-1.3851804543064778,-8.4046719660375
-17.920034804273,0.1581702614490652,3.753603571012448,-1.048410256834447,-3.9926324245737126
17.486328472146443,-0.47783928305102363,3.6580958992772796,2.421903179084973,-3.148367275100461
-34.22061642424381,-0.17294566556360147,1.7261240879795703,-3.406153949182915,0.6722719921429664
-62.01335336567583,2.2735371752263154,3.640710682212089,-5.743216603524123,-2.4042623501544496
-10.118034231841072,0.5711445768088927,4.191665962657587,-0.7610918557198607,1.5998279225786272
-69.09070682511161,1.893976342736857,4.148080801469459,-6.5125479742739625,-0.6105716698605315
-52.185471241856256,3.938020704942643,2.6275309171749237,-5.82740303485268,5.845528434376747
-33.900721802618904,1.0536687673944682,2.5842299898970236,-3.1540171400833277,-1.2178236253120747
-38.69132371074161,-0.3904448938703666,2.843484234425315,-3.735557830782952,0.8808276918794277
-31.27379397971435,3.199340993547231,3.4750842904423127,-3.318849073195259,3.3340789618843667
-28.32232633267752,-4.478391435491507,5.103181447048039,-2.1627878667889684,2.055363273331741
-70.88769352721098,-0.0599616096011415,5.136046169338007,-6.64432820521089,2.1803118930913805
-8.15445336884422,2.4773515946569873,4.005519507197851,-1.3628211497626155,8.24612896208907
-49.65777316647666,0.17655035948337838,2.0495976480596716,-4.480681596246507,-3.8890197540203486
9.966387926907045,1.5666866344184907,3.1669791402089533,1.2394345046335884,-0.7038612180084248
-14.489495159400642,1.0383075255795462,2.720340434798824,-0.779342664321585,-5.3651592586742005
27.690677709075608,1.6808549419365508,4.657938241484125,3.2154731602192292,0.11961580128509743
-67.10269293025797,2.787057690950598,4.0311603265803,-5.9875135805397175,-4.558522575687352
-20.70988861538686,0.46581303283772857,2.754848024616668,-2.6836288930046033,7.790790707923896
21.604545978999877,5.414160364327479,1.935798081492261,1.3033270562764239,6.801023787149178
-55.73045817294454,1.7878311782172944,2.286900638682265,-5.376516104777123,-1.55173408148062
-7.093594585488975,0.030659709474793795,4.642169298032286,0.18221733968152165,-3.543663889143197
-100.84706912799071,0.35810021576089623,3.1952058933631835,-9.48840365385006,-3.589747522124852
15.142931705602988,1.3180371730219713,3.304297889373703,1.0053859957430031,7.159649297091849
-66.47864675511154,2.217345691099935,2.8659148406977586,-6.027279786215996,-5.261154769968639
-2.9119430136516913,0.40213536700545616,0.9738246552317946,-0.22603053698373854,-0.6156217125327029
-63.5684399050977,0.4395379171123761,3.045069753910454,-5.8533936533139075,-2.93615987896974
-51.23570841103704,0.45603781104840313,2.076712318624838,-4.788812492113448,-2.4974188818447245
-2.9920647327491396,0.9089633158566567,3.636810034962663,0.3040774523412262,-3.180724106488448
5.403437412425364,0.9633831786080683,2.9748633643283933,0.851202117844641,-1.3778223462192685
11.806591690617347,5.475710741719944,2.6536019905566084,0.340485860587425,7.4242785949546235
-0.42125902599322773,-0.3333000880171071,2.9721527733312203,0.1456579332444381,0.4972347125760609
10.406287062734998,0.5616237047794499,1.9068330727469531,1.4356662042754502,-3.3221837405788324
-50.067586557866385,2.6760532862015705,3.0247186770040164,-4.422174836507562,-4.896634067137321
-33.71391023158707,5.03623430174832,2.469338925533356,-2.648334071704231,-8.224277983130362
-36.602369258080394,-0.03517785134922802,3.0372841994377224,-3.383558466063896,-0.44292184472830115
-51.778567763506615,3.138387367420398,3.40502304295958,-4.128884573898299,-9.1603702274624
-24.456679016177574,1.495890839852131,3.1487941736901828,-1.202167087671778,-10.704227372319547
-50.07303968225625,1.5015086985799408,3.7627667452101328,-4.84006798514455,1.116489214614099
14.700562523089857,3.7814328870321505,3.1041033226762913,2.154126505836884,-6.322554619332564
-51.60392064641571,-1.6799588544726793,3.520446361388429,-4.672872311794919,-0.9368324553769238
-7.836410450969483,2.0453761827133023,2.469931899536919,-0.6665539445803081,-0.6684181994355388
-82.71623406435656,-0.9902859464716156,2.951878428734013,-7.789938900653347,-2.1433055200809887
9.537789413072812,0.9801451755625019,4.138843067316289,1.0671225194496525,2.6589971147630616
-32.30505224571144,3.160998665105825,0.88774304217907,-3.195344262455506,-1.7350870264749472
-79.49735733850231,3.1900652288015476,3.0055273214923064,-8.393618762904223,5.102096296198324
29.78848527742256,1.2220277710547323,0.60334092837549,1.8977570152296552,10.290906308561896
-9.302730998759836,-2.5492419883554516,1.7760602850990308,0.47454462465878633,-11.98495871709346
-48.04663092241382,1.4320371537955288,1.9846423024303008,-5.484931885344315,7.071370621280529
-77.83021326481676,1.7934271321133926,4.009878275475054,-7.079190059267325,-3.915245292168525
-30.37509621980149,-1.8442233772427774,3.0543065830752285,-2.110432422821823,-6.0164631271077
-2.4303859634377294,1.8672969904975254,4.50616212740305,0.2697857054810062,-0.9855172338861595
-42.1988126944783,1.6042512947328924,2.11979300634379,-4.549956789041907,3.6220101460103376
-25.519521320066048,2.238332010055734,3.156300972428021,-1.3499820211932188,-10.64830815602421
6.03157266967275,4.414647119524266,3.2986484097550877,0.8831750062845627,-2.287230620140068
-19.275339398958447,1.2772703775050096,4.045735914825609,-1.528551594201829,-0.5364638725652094
16.94629496251267,-1.9101192421792796,3.706444563865815,2.550296697801773,-4.167179568162807
-88.3618321492509,-0.5323825126024255,3.529742570053336,-8.562043342233268,0.63956318209467
49.139981634777264,2.147467516128665,0.5955420189901393,4.185798427822593,6.296931172582717
27.377698010921552,0.3177770466601766,1.3319057811876536,2.691482547614571,0.747477263936026
38.51621337161167,0.7479942261077346,1.8704903214070348,2.7360342143070566,11.656557626106586
-50.33765153095257,-2.5073044335439865,5.946867482617993,-4.421318111229265,3.9704900120668922
-59.60190957641665,0.746651077780073,3.3712675760549637,-5.023120331210003,-6.902670535866785
-31.942428065247,1.5506505265555117,2.6842664605242246,-2.8742219175004773,-2.1742125457461676
-36.59925529210997,-0.4956040400367685,3.968422475290742,-3.3737167483247785,1.3228084467543755
-50.45955493661329,1.0584803754832133,3.4584866604167512,-4.621050534160332,-1.7880072876814204
-47.14942306048418,0.9899457659667686,3.836549099052947,-4.7647948155622615,3.683329459516049
-15.377359764328768,1.8295880282289723,3.6916198765718464,-1.06491535306912,-2.23598591947697
51.47210535398748,-0.13422487399585092,3.4972238037457393,5.936276720010178,-4.765905825744915
9.788285562327381,0.890759358937513,2.1273483872436456,-0.06269788877852123,11.101287560820872
15.988112547967885,0.6623379021345961,3.264363106788836,1.7610319714258709,0.7106405058828947
-5.483420869596355,-0.3081126011623936,2.3947037687723793,-0.17509596268229766,-2.144753407149022
33.392631302523164,-0.5469416991528866,2.2488044113332624,3.3358796319139223,1.5715861530683646
-12.302979686613831,-0.17398713450000036,5.264829235473946,-0.6451169802233818,1.1647904025452813
-36.35322251543747,0.776712832675688,3.1631126826988405,-2.951635749712721,-4.723900973785543
-12.683683806184975,1.7814219955571313,0.3821182356184618,-2.4675985149483406,11.138093932017908
-9.726029238246404,-0.8989063625058773,1.5440559121811765,-0.7001171277220495,-1.679377614787561
-53.0300727515673,-1.9291616292009293,3.6578537430969695,-5.126516619623072,2.5446477607360056
-18.022651911966765,4.453510439210141,2.6870157140693984,-1.7174059567065136,-1.2703342025927276
75.13955429982435,1.4858840237373538,2.48658103852848,8.326036433424559,-7.317980730997574
-31.94886879869727,4.332914254422997,2.9231782986349577,-2.6489657540461375,-5.489425544044801
1.089364166252869,3.34235241538329,2.0522141049711027,-0.5108357189256449,5.5794408309782595
-19.99859141449261,1.6788235879309692,3.2319139217753547,-1.402382158136885,-4.2028647276479045
5.478469571790843,-0.39604126110463556,2.0588552503111957,0.4837297588453331,1.8989138493233237
-94.35206353559433,2.1316230246035213,3.116372288081478,-8.47071938070045,-8.282737181411031
-60.5121624589738,0.9344465361287623,1.6998358719785218,-5.8509258341017105,-1.7477668881048334
-62.70237307329228,3.019135943779542,2.7788258571073596,-6.541326985751454,3.1317970983646175
16.939774453586047,1.0236715543760253,4.5785929816622435,2.2938486250318286,-1.2696691509885611
41.93737373958486,5.1143445943631765,4.728961023903364,4.093048855160525,4.04048098219731
-38.1562572926531,-1.1375542746047094,1.9746791259650904,-3.838308695320745,1.7704462104872734
2.1432152950889787,-0.6823921773046153,1.46843839510279,0.5644987289488661,-2.62149807569436
45.55714468636292,-2.0829170495887595,4.0864758130072465,4.359622935925178,7.177194994478824
-30.313118913516405,1.45388569502395,4.82103712374074,-2.3809331518648826,-1.4201305052579598
-30.911890699636555,0.23340160320848802,4.587624386973125,-1.4935971586051826,-10.831045536201337
